,0,1,2,3,4,5,6,7,8,9,10,11,12,13,14,15,16,17,18,19,20,21,22,23,24,25,26,27,28,29,30,31,32,33,34,35,36,37,38,39,40
450116,13,2,10,2,24,44,0,0,0,0,0,0,0,0,0,0,0,0,0,0,0,0,1,1,0,0,0,0,10,0,0,201,147,69,1,1,0,0,0,0,0
17672,0,1,7,2,169,82,0,0,0,0,0,1,0,0,0,0,0,0,0,0,0,0,13,13,0,0,0,0,10,0,0,201,171,78,0,0,0,0,0,0,0
28372,0,1,7,2,66,69,0,0,0,0,0,1,0,0,0,0,0,0,0,0,0,0,12,12,0,0,0,0,10,0,0,40,171,78,0,2,4,0,0,0,0
22447,0,1,7,2,187,248,0,0,0,0,0,1,0,0,0,0,0,0,0,0,0,0,36,36,0,0,0,0,10,0,0,201,171,78,0,0,0,0,0,0,0
80315,19,1,7,2,72,49,0,0,0,0,0,1,0,0,0,0,0,0,0,0,0,0,33,33,1,2,0,0,10,0,0,201,171,78,0,0,0,0,0,0,0
104865,0,1,7,2,195,253,0,0,0,0,0,1,0,0,0,0,0,0,0,0,0,0,24,25,0,0,0,0,10,0,8,194,171,78,0,0,2,0,0,0,0
26476,0,1,7,2,69,471,0,0,0,0,0,1,0,0,0,0,0,0,0,0,0,0,14,15,0,0,0,0,10,0,12,201,171,78,0,0,0,0,0,0,0
486857,14,1,11,2,271,98,0,0,0,0,0,1,0,0,0,0,0,0,0,0,0,0,0,0,0,0,0,0,10,0,0,138,61,36,2,1,0,0,0,0,0
148460,0,2,1,2,19,24,0,0,0,0,0,0,0,0,0,0,0,0,0,0,0,0,26,62,0,0,0,0,10,0,2,201,129,60,1,1,0,0,0,0,0
455290,0,1,7,0,0,0,0,0,0,0,0,0,0,0,0,0,0,0,0,0,0,0,0,0,0,0,1,9,10,0,0,48,171,78,0,2,12,0,0,26,27
141767,0,2,1,2,14,25,0,0,0,0,0,0,0,0,0,0,0,0,0,0,0,0,0,0,0,0,0,0,10,0,0,201,162,74,1,0,0,0,0,0,0
17474,0,1,7,2,175,426,0,0,0,0,0,1,0,0,0,0,0,0,0,0,0,0,5,5,0,0,0,0,10,0,0,27,171,78,0,4,5,0,0,0,0
12422,0,1,7,2,40,115,0,0,0,0,0,1,0,0,0,0,0,0,0,0,0,0,1,11,0,0,0,0,10,0,17,43,171,78,0,2,6,0,0,0,0
492922,0,1,7,2,155,383,0,0,0,0,0,1,0,0,0,0,0,0,0,0,0,0,1,1,0,0,0,0,10,0,0,87,171,78,0,1,1,1,0,0,0
79674,0,1,7,2,157,64,0,0,0,0,0,1,0,0,0,0,0,0,0,0,0,0,2,9,0,0,0,0,10,0,33,201,171,78,0,0,0,0,0,0,0
39621,1,1,11,2,264,129,0,0,0,0,0,1,0,0,0,0,0,0,0,0,0,0,0,0,0,0,0,0,10,0,0,39,132,71,8,3,1,0,0,0,0
25043,0,1,7,2,79,550,0,0,0,0,0,1,0,0,0,0,0,0,0,0,0,0,0,3,0,0,0,0,10,0,33,4,171,78,0,19,4,0,0,0,0
12811,0,1,7,2,60,265,0,0,0,0,0,1,0,0,0,0,0,0,0,0,0,0,8,8,0,0,0,0,10,0,0,8,171,78,0,11,2,0,0,0,0
453658,0,2,10,2,24,0,0,0,0,0,0,0,0,0,0,0,0,0,0,0,0,0,0,0,0,0,0,0,10,0,0,201,134,62,1,0,0,0,0,0,0
78500,0,1,7,2,156,393,0,0,0,0,0,1,0,0,0,0,0,0,0,0,0,0,5,5,0,0,0,0,10,0,0,201,152,71,1,0,0,0,0,0,0
345523,0,2,9,2,27,0,0,0,0,0,0,0,0,0,0,0,0,0,0,0,0,0,0,0,0,0,0,0,10,0,0,201,0,0,13,19,0,0,0,0,0
81320,0,1,7,2,97,349,0,0,0,0,0,1,0,0,0,0,0,0,0,0,0,0,13,16,0,0,0,0,10,0,12,13,171,78,0,7,6,0,1,0,0
14889,0,1,7,2,68,494,0,0,0,0,0,1,0,0,0,0,0,0,0,0,0,0,5,32,0,0,0,0,10,0,12,23,171,78,0,4,5,0,0,0,0
28464,0,1,7,2,152,181,0,0,0,0,0,1,0,0,0,0,0,0,0,0,0,0,18,20,0,0,0,0,10,0,10,184,171,78,0,0,1,0,0,0,0
1938,0,1,7,2,99,270,0,0,0,0,0,1,0,0,0,0,0,0,0,0,0,0,2,2,0,0,0,0,10,0,0,17,171,78,0,6,4,0,0,0,0
37418,0,1,7,2,160,585,0,0,0,0,0,1,0,0,0,0,0,0,0,0,0,0,1,3,0,0,0,0,10,0,33,20,171,78,0,5,3,0,0,0,0
144049,0,1,7,0,0,0,0,0,0,0,0,0,0,0,0,0,0,0,0,0,0,0,0,0,0,0,1,9,10,0,0,17,171,78,0,6,9,0,0,26,22
455410,0,1,7,0,0,0,0,0,0,0,0,0,0,0,0,0,0,0,0,0,0,0,0,0,0,0,1,9,10,0,0,8,171,78,0,11,16,0,0,26,17
81837,0,1,7,2,30,453,0,0,0,0,0,1,0,0,0,0,0,0,0,0,0,0,0,0,0,0,0,0,10,0,0,18,171,78,0,5,3,0,0,0,0
452723,0,1,7,2,159,409,0,0,0,0,0,1,0,0,0,0,0,0,1,0,0,0,5,5,0,0,0,0,10,0,0,201,164,75,1,0,0,0,0,0,0
29398,0,1,7,2,144,207,0,0,0,0,0,1,0,0,0,0,0,0,0,0,0,0,10,17,0,0,0,0,10,0,17,152,171,78,0,1,1,0,0,0,0
451948,0,1,7,0,0,0,0,0,0,0,0,0,0,0,0,0,0,0,0,0,0,0,0,0,0,0,1,9,10,0,0,2,129,78,0,27,19,0,0,26,27
140229,1,1,11,2,236,105,0,0,0,0,0,1,0,0,0,0,0,0,0,0,0,0,0,0,0,0,0,0,10,0,0,145,80,53,2,1,0,1,1,0,0
146899,0,1,0,2,4,4,0,0,0,0,0,1,0,0,0,0,0,0,0,0,0,0,0,0,0,0,0,0,10,0,0,201,9,5,2,0,0,0,0,0,0
21247,0,1,7,2,169,299,0,0,0,0,0,1,0,0,0,0,0,0,0,0,0,0,21,21,0,0,0,0,10,0,0,201,171,78,0,0,0,0,0,0,0
38894,0,1,7,2,74,424,0,0,0,0,0,1,0,0,0,0,0,0,0,0,0,0,12,12,0,0,0,0,10,0,0,12,171,78,0,8,3,0,0,0,0
87364,0,1,7,2,133,559,0,0,0,0,0,1,0,0,0,0,0,0,0,0,0,0,0,0,0,0,0,0,10,0,0,201,171,78,0,0,0,0,0,0,0
32949,0,1,7,2,142,135,0,0,0,0,0,1,0,0,0,0,0,0,0,0,0,0,29,45,0,0,0,0,10,0,11,201,171,78,0,0,0,0,0,0,0
7429,0,1,7,2,78,454,0,0,0,0,0,1,0,0,0,0,0,0,0,0,0,0,7,15,0,0,0,0,10,0,12,201,171,78,0,0,0,0,0,0,0
349105,0,1,7,0,0,0,0,0,0,0,0,0,0,0,0,0,0,0,0,0,0,0,0,0,0,0,1,9,10,0,0,1,171,78,0,31,22,0,0,26,28
4234,0,1,7,2,88,338,0,0,0,0,0,1,0,0,0,0,0,0,0,0,0,0,6,6,0,0,0,0,10,0,0,22,124,78,0,4,5,0,0,0,0
37328,0,1,7,2,85,417,0,0,0,0,0,1,0,0,0,0,0,0,0,0,0,0,14,14,0,0,0,0,10,0,0,201,171,78,0,0,0,0,0,0,0
105528,0,1,7,2,80,530,0,0,0,0,0,1,0,0,0,0,0,0,0,0,0,0,2,2,0,0,0,0,10,0,0,64,171,78,0,2,5,0,0,0,0
344635,0,1,11,2,219,103,0,0,0,0,0,1,0,0,0,0,0,0,0,0,0,0,0,0,0,0,0,0,10,0,0,25,75,74,8,4,2,0,0,0,0
343521,0,2,10,2,24,45,0,0,0,0,0,0,0,0,0,0,0,0,0,0,0,0,0,0,0,0,0,0,10,0,0,201,157,73,1,0,0,0,0,0,0
33581,0,1,7,2,84,163,0,0,0,0,0,1,0,0,0,0,0,0,0,0,0,0,3,3,0,0,0,0,10,0,0,42,171,78,0,2,2,0,0,0,0
142530,0,1,7,0,0,0,0,0,0,0,0,0,0,0,0,0,0,0,0,0,0,0,0,1,0,0,1,9,10,0,40,47,167,78,0,2,9,0,0,26,27
137946,0,1,7,2,67,438,0,0,0,0,0,1,0,0,0,0,0,0,0,0,0,0,0,6,0,6,0,5,10,0,34,97,171,78,0,1,5,0,0,0,0
89192,0,1,7,2,104,132,0,0,0,0,0,1,0,0,0,0,0,0,0,0,0,0,11,11,0,0,0,0,10,0,0,201,171,78,0,0,0,0,0,0,0
81671,0,1,7,2,149,243,0,0,0,0,0,1,0,0,0,0,0,0,0,0,0,0,2,4,0,0,0,0,10,0,32,2,171,78,0,27,2,0,0,0,0
1010,0,1,7,2,106,139,0,0,0,0,0,1,0,0,0,0,0,0,0,0,0,0,10,10,0,0,0,0,10,0,0,26,171,78,0,4,6,0,0,0,0
7237,0,1,7,2,165,250,0,0,0,0,0,1,0,0,0,0,0,0,0,0,0,0,4,5,0,0,0,0,10,0,29,188,171,78,0,0,1,0,0,0,0
80654,0,1,7,2,140,573,0,0,0,0,0,1,0,0,0,0,0,0,0,0,0,0,0,0,0,0,0,0,10,0,0,0,171,78,0,60,3,0,0,0,0
346349,1,1,11,2,308,115,0,0,0,0,0,1,0,0,0,0,0,0,0,0,0,0,0,3,0,0,0,0,10,0,40,151,88,59,3,1,0,0,0,0,0
83562,0,1,7,2,143,190,0,0,0,0,0,1,0,0,0,0,0,0,0,0,0,0,3,3,0,0,0,0,10,0,0,201,171,78,0,0,0,0,0,0,0
1824,0,1,7,2,158,345,0,0,0,0,0,1,0,0,0,0,0,0,0,0,0,0,10,11,0,0,0,0,10,0,17,66,171,78,0,1,3,0,0,0,0
4442,0,1,7,2,65,384,0,0,0,0,0,1,0,0,0,0,0,0,0,0,0,0,6,6,0,0,0,0,10,0,0,26,171,78,0,4,5,0,0,0,0
26984,0,1,7,2,41,500,0,0,0,0,0,1,0,0,0,0,0,0,0,0,0,0,2,6,0,0,0,0,10,0,27,201,171,78,0,0,0,0,0,0,0
23199,0,1,11,2,224,96,0,0,0,0,0,1,0,0,0,0,0,0,0,0,0,0,0,0,0,0,0,0,10,0,0,127,83,37,4,1,2,0,0,0,0
5476,0,1,7,2,170,84,0,0,0,0,0,1,0,0,0,0,0,0,0,0,0,0,26,26,0,0,0,0,10,0,0,113,171,78,0,1,1,0,0,0,0
37694,0,1,7,2,185,352,0,0,0,0,0,1,0,0,0,0,0,0,0,0,0,0,5,5,0,0,0,0,10,0,0,201,171,78,0,0,0,0,0,0,0
345154,0,2,10,2,24,44,0,0,0,0,0,0,0,0,0,0,0,0,0,0,0,0,0,0,0,0,0,0,10,0,0,201,160,74,1,0,0,0,0,0,0
149343,2,1,11,2,319,229,0,0,0,0,0,1,0,0,0,0,0,0,0,0,0,0,0,0,0,0,0,0,10,0,0,26,128,74,7,4,1,0,0,0,0
17878,0,1,7,2,165,245,0,0,0,0,0,1,0,0,0,0,0,0,0,0,0,0,5,5,0,0,0,0,10,0,0,25,171,78,0,4,2,0,0,0,0
18958,0,1,7,2,36,361,0,0,0,0,0,1,0,0,0,0,0,0,0,0,0,0,7,9,0,0,0,0,10,0,20,33,171,78,0,3,3,0,0,0,0
30367,0,1,7,2,88,542,0,0,0,0,0,1,0,0,0,0,0,0,0,0,0,0,6,16,0,0,0,0,10,0,18,116,171,78,0,1,3,0,0,0,0
107515,0,1,7,2,190,276,0,0,0,0,0,1,0,0,0,0,0,0,0,0,0,0,4,4,0,0,0,0,10,0,0,201,171,78,0,0,0,0,0,0,0
16430,0,1,7,2,144,558,0,0,0,0,0,1,0,0,0,0,0,0,0,0,0,0,7,7,0,0,0,0,10,0,0,128,171,78,0,1,3,0,0,0,0
103704,0,1,7,2,88,331,0,0,0,0,0,1,0,0,0,0,0,0,0,0,0,0,18,26,0,0,0,0,10,0,7,201,171,78,0,0,0,0,0,1,1
14607,0,1,7,2,80,359,0,0,0,0,0,1,0,0,0,0,0,0,0,0,0,0,11,23,0,0,0,0,10,0,8,30,171,78,0,3,6,0,0,0,0
39163,0,1,7,2,69,90,0,0,0,0,0,1,0,0,0,0,0,0,0,0,0,0,6,7,0,0,0,0,10,0,25,6,171,78,0,13,5,0,0,0,0
1677,0,1,7,2,82,189,0,0,0,0,0,1,0,0,0,0,0,0,0,0,0,0,22,24,0,0,0,0,10,0,12,201,171,78,0,0,0,0,0,0,0
483282,0,1,7,2,156,53,0,0,0,0,0,1,0,0,0,0,0,0,0,0,0,0,5,5,0,0,0,0,10,0,0,118,171,78,0,1,2,0,1,1,3
27246,0,2,1,2,18,30,0,0,0,0,0,0,0,0,0,0,0,0,0,0,0,0,51,60,0,0,0,0,10,0,0,201,120,54,1,0,0,0,0,0,0
148400,0,2,10,2,24,45,0,0,0,0,0,0,0,0,0,0,0,0,0,0,0,0,0,0,0,0,0,0,10,0,0,201,166,76,1,0,0,0,0,0,0
484482,0,1,7,2,163,400,0,0,0,0,0,1,0,0,0,0,0,0,0,0,0,0,5,20,0,3,0,0,10,0,24,5,171,78,0,16,3,0,0,0,1
41334,0,1,7,2,90,560,0,0,0,0,0,1,0,0,0,0,0,0,0,0,0,0,16,16,0,0,0,0,10,0,0,20,171,78,0,5,23,0,0,11,21
83086,0,2,1,2,18,39,0,0,0,0,0,0,0,0,0,0,0,0,0,0,0,0,46,67,0,0,0,0,10,0,1,201,150,70,2,0,0,0,0,0,0
23786,0,1,7,2,89,540,0,0,0,0,0,1,0,0,0,0,0,0,0,0,0,0,0,11,0,0,0,0,10,0,17,2,171,78,0,27,5,0,0,0,0
16421,0,1,7,2,70,537,0,0,0,0,0,1,0,0,0,0,0,0,0,0,0,0,3,3,0,0,0,0,10,0,0,51,171,78,0,2,4,0,0,0,0
21934,1,1,11,2,281,100,0,0,0,0,0,1,0,0,0,0,0,0,1,0,0,0,0,1,0,0,0,0,10,0,40,36,13,30,8,3,0,0,0,0,0
83294,1,1,11,2,265,99,0,0,0,0,0,1,0,0,0,0,0,0,0,0,0,0,0,2,0,0,0,0,10,0,40,143,128,60,4,1,1,0,0,0,0
39384,0,1,7,0,0,0,0,0,0,0,0,0,0,0,0,0,0,0,0,0,0,0,0,0,0,0,1,9,10,0,0,6,91,78,0,13,20,0,0,26,28
491697,0,1,6,2,317,0,0,0,0,0,0,0,0,0,0,0,0,0,0,0,0,0,1,1,0,0,0,0,10,0,0,96,36,20,5,21,4,0,0,0,0
22650,1,1,11,2,253,126,0,0,0,0,0,1,0,0,0,0,0,0,0,0,0,0,0,0,0,0,0,0,10,0,0,79,111,44,2,1,2,0,0,0,0
82292,0,1,7,2,77,444,0,0,0,0,0,1,0,0,0,0,0,0,0,0,0,0,7,7,0,0,0,0,10,0,0,69,171,78,0,1,2,0,0,0,0
345522,44,2,9,2,27,26,0,0,0,0,0,0,0,0,0,0,0,0,0,0,0,0,1,1,0,0,0,0,10,0,0,201,1,1,14,18,0,0,0,0,0
89024,0,1,7,2,100,128,0,0,0,0,0,1,0,0,0,0,0,0,0,0,0,0,2,2,0,0,0,0,10,0,0,165,171,78,0,1,2,1,1,1,1
139644,0,1,7,2,185,81,0,0,0,0,0,1,0,0,0,0,0,0,0,0,0,0,0,21,0,0,0,0,10,0,18,201,171,78,0,0,0,0,0,0,0
138917,0,1,7,2,44,473,0,0,0,0,0,1,0,0,0,0,0,0,0,0,0,0,2,45,0,0,0,0,10,0,6,6,171,78,0,13,4,0,1,0,0
484721,0,1,7,2,64,266,0,0,0,0,0,1,0,0,0,0,0,0,0,0,0,0,7,7,0,0,0,0,10,0,0,28,171,78,0,3,6,0,2,0,0
86041,0,1,7,2,194,215,0,0,0,0,0,1,0,0,0,0,0,0,0,0,0,0,18,18,0,0,0,0,10,0,0,201,171,78,0,0,0,0,0,0,0
74979,0,1,7,0,0,0,0,0,0,0,0,0,0,0,0,0,0,0,0,0,0,0,0,0,0,0,1,9,10,0,0,1,171,78,0,31,21,0,0,26,27
78060,0,1,7,2,94,476,0,0,0,0,0,1,0,0,0,0,0,0,0,0,0,0,18,18,0,0,0,0,10,0,0,201,171,78,0,0,0,0,0,0,0
147800,0,2,1,2,16,7,0,0,0,0,0,0,0,0,0,0,0,0,0,0,0,0,1,2,0,0,0,0,10,0,36,201,161,74,1,0,0,0,0,0,0
21766,0,1,7,2,46,525,0,0,0,0,0,1,0,0,0,0,0,0,0,0,0,0,1,1,0,0,0,0,10,0,0,201,171,78,0,0,0,0,0,0,0
12757,0,1,7,2,88,137,0,0,0,0,0,1,0,0,0,0,0,0,0,0,0,0,36,38,0,0,0,0,10,0,8,201,171,78,0,0,0,0,0,0,0
348400,36,2,9,2,28,26,0,0,0,0,0,0,0,0,0,0,0,0,0,0,0,0,0,0,0,0,0,0,10,0,0,201,0,0,47,60,0,0,0,0,0
344110,0,1,11,2,299,104,0,0,0,0,0,1,0,0,0,0,0,0,0,0,0,0,0,0,0,0,0,0,10,0,0,201,92,36,2,0,0,0,0,0,0
484122,0,1,7,2,206,62,0,0,0,0,0,1,0,0,0,0,0,0,0,0,0,0,2,3,4,8,0,0,10,0,33,109,171,78,0,1,2,1,0,6,4
6639,0,1,7,2,49,403,0,0,0,0,0,1,0,0,0,0,0,0,0,0,0,0,1,1,0,0,0,0,10,0,0,16,171,78,0,6,2,0,0,0,0
74771,0,1,6,2,267,0,0,0,0,0,0,1,0,0,0,0,0,0,0,0,0,0,7,7,0,0,0,0,10,0,0,61,55,51,5,37,4,0,0,0,0
18848,0,1,7,2,33,495,0,0,0,0,0,1,0,0,0,0,0,0,0,0,0,0,0,0,0,0,0,0,10,0,0,56,171,78,0,2,3,0,0,0,0
491914,0,1,7,2,164,204,0,0,0,0,0,1,0,0,0,0,0,0,0,0,0,0,16,38,0,0,0,0,10,0,12,90,171,78,0,1,2,0,0,0,0
37434,0,1,7,2,104,503,0,0,0,0,0,1,0,0,0,0,0,0,0,0,0,0,8,8,0,0,0,0,10,0,0,8,171,78,0,11,6,0,0,0,0
50916,0,1,11,2,239,108,0,0,0,0,0,1,0,0,0,0,0,0,0,0,0,0,0,0,0,0,0,0,10,0,0,51,104,43,6,2,1,0,0,0,0
90812,0,1,7,2,70,205,0,0,0,0,0,1,0,0,0,0,0,0,0,0,0,0,2,4,0,0,0,0,10,0,32,102,171,78,0,1,2,0,0,0,0
89329,0,1,7,2,179,306,0,0,0,0,0,1,0,0,0,0,0,0,0,0,0,0,21,21,0,0,0,0,10,0,0,43,171,78,0,2,4,0,0,0,0
491061,0,0,14,2,48,0,0,0,0,0,0,0,0,0,0,0,0,0,0,0,0,0,4,3,0,0,0,0,8,5,0,201,15,7,1,8,0,0,0,0,0
117,0,1,7,2,138,582,0,0,0,0,0,1,0,0,0,0,0,0,0,0,0,0,2,2,0,0,0,0,10,0,0,12,171,78,0,8,6,0,0,0,0
482635,35,2,9,2,29,26,0,0,0,0,0,0,0,0,0,0,0,0,0,0,0,0,0,0,0,0,0,0,10,0,0,201,0,0,50,60,0,0,0,0,0
31018,0,1,7,2,114,512,0,0,0,0,0,1,0,0,0,0,0,0,0,0,0,0,13,13,0,0,0,0,10,0,0,179,171,78,0,0,1,0,0,0,0
136427,0,1,11,2,259,96,0,0,0,0,0,1,0,0,0,0,0,0,0,0,0,0,0,0,0,0,0,0,10,0,0,0,109,78,0,60,2,0,0,0,0
32669,0,1,7,2,152,490,0,0,0,0,0,1,0,0,0,0,0,0,0,0,0,0,8,8,0,0,0,0,10,0,0,42,171,78,0,2,4,0,0,0,0
491335,13,2,10,2,24,46,0,0,0,0,0,0,0,0,0,0,0,0,0,0,0,0,1,1,0,0,0,0,10,0,0,201,157,73,1,1,0,0,0,0,0
105335,0,1,7,2,34,42,0,0,0,0,0,1,0,0,0,0,0,0,0,0,0,0,0,0,0,0,0,0,10,0,0,0,171,78,0,60,4,0,0,0,0
145814,0,2,10,2,24,46,0,0,0,0,0,0,0,0,0,0,0,0,0,0,0,0,0,0,0,0,0,0,10,0,0,201,164,75,1,0,0,0,0,0,0
481589,0,2,10,2,24,46,0,0,0,0,0,0,0,0,0,0,0,0,0,0,0,0,0,0,0,0,0,0,10,0,0,201,153,71,1,0,0,0,0,0,0
17635,0,1,7,2,109,184,0,0,0,0,0,1,0,0,0,0,0,0,0,0,0,0,20,20,0,0,0,0,10,0,0,201,171,78,0,0,0,0,0,0,0
28941,0,1,7,2,34,193,0,0,0,0,0,1,0,0,0,0,0,0,0,0,0,0,14,14,0,0,0,0,10,0,0,14,171,78,0,7,3,0,0,0,0
17984,0,1,7,2,198,218,0,0,0,0,0,1,0,0,0,0,0,0,0,0,0,0,27,27,0,0,0,0,10,0,0,201,171,78,0,0,0,0,0,0,0
457500,51,2,9,2,29,26,0,0,0,0,0,0,0,0,0,0,0,0,0,0,0,0,0,0,0,0,0,0,10,0,0,201,2,1,35,55,0,0,0,0,0
77859,0,1,7,2,83,136,0,0,0,0,0,1,0,0,0,0,0,0,0,0,0,0,11,28,0,0,0,0,10,0,10,11,171,78,0,8,4,0,1,0,0
453920,0,0,3,2,7,0,0,0,0,0,0,0,0,0,0,0,0,0,0,0,0,0,0,0,0,0,0,0,10,0,0,21,17,78,0,60,0,0,0,0,0
345246,0,2,10,2,24,44,0,0,0,0,0,0,0,0,0,0,0,0,0,0,0,0,0,0,0,0,0,0,10,0,0,201,158,73,1,0,0,0,0,0,0
347604,0,2,10,2,24,0,0,0,0,0,0,0,0,0,0,0,0,0,0,0,0,0,0,0,0,0,0,0,10,0,0,201,150,70,1,1,0,0,0,0,0
89325,0,1,7,2,162,381,0,0,0,0,0,1,0,0,0,0,0,0,0,0,0,0,3,19,0,0,0,0,10,0,15,3,171,78,0,22,6,0,0,0,1
24747,0,1,7,2,172,131,0,0,0,0,0,1,0,0,0,0,0,0,0,0,0,0,7,7,0,0,0,0,10,0,0,7,171,78,0,12,3,0,0,0,0
455159,0,1,7,0,0,0,0,0,0,0,0,0,0,0,0,0,0,0,0,0,0,0,0,0,0,0,1,9,10,0,0,1,70,78,0,31,24,0,0,26,28
27975,0,1,7,2,163,188,0,0,0,0,0,1,0,0,0,0,0,0,0,0,0,0,3,3,0,0,0,0,10,0,0,201,171,78,0,0,0,0,0,0,0
346629,0,1,7,0,0,0,0,0,0,0,0,0,0,0,0,0,0,0,0,0,0,0,0,0,0,0,1,9,10,0,0,28,20,68,10,3,0,0,0,22,28
91060,0,2,1,2,16,7,0,0,0,0,0,0,0,0,0,0,0,0,0,0,0,0,6,15,0,0,0,0,10,0,25,201,153,71,1,0,0,0,0,0,0
148132,0,1,7,0,0,0,0,0,0,0,0,0,0,0,0,0,0,0,0,0,0,0,0,1,0,0,1,9,10,0,40,84,34,33,3,1,0,0,0,17,28
343120,0,2,10,2,24,45,0,0,0,0,0,0,0,0,0,0,0,0,0,0,0,0,0,0,0,0,0,0,10,0,0,201,161,74,1,0,0,0,0,0,0
146349,26,2,9,2,29,26,0,0,0,0,0,0,0,0,0,0,0,0,0,0,0,0,0,0,0,0,0,0,10,0,0,201,1,1,30,47,0,0,0,0,0
78763,0,1,7,2,94,255,0,0,0,0,0,1,0,0,0,0,0,0,0,0,0,0,10,10,0,0,0,0,10,0,0,19,171,78,0,5,4,0,0,0,0
136909,0,2,1,2,6,10,0,0,0,0,0,0,0,0,0,0,0,0,0,0,0,0,2,4,0,0,0,0,10,0,32,201,171,78,0,1,0,0,0,0,0
37450,0,1,7,2,170,217,0,0,0,0,0,1,0,0,0,0,0,0,0,0,0,0,2,3,0,0,0,0,10,0,33,16,171,78,0,6,4,0,0,0,0
78927,2,1,11,2,232,99,0,0,0,0,0,1,0,0,0,0,0,0,0,0,0,0,0,2,0,0,0,0,10,0,40,201,87,34,2,0,0,0,1,0,0
32097,0,1,0,2,3,3,0,0,0,0,0,1,0,0,0,0,0,0,0,0,0,0,0,0,0,0,0,0,10,0,0,119,7,5,5,1,20,1,0,0,0
105179,0,1,7,2,97,162,0,0,0,0,0,1,0,0,0,0,0,0,0,0,0,0,5,30,0,0,0,0,10,0,16,201,171,78,0,0,0,0,0,0,0
13969,0,1,7,2,73,450,0,0,0,0,0,1,0,0,0,0,0,0,0,0,0,0,1,9,0,0,0,0,10,0,20,56,171,78,0,2,2,0,0,0,0
107133,0,1,7,2,78,474,0,0,0,0,0,1,0,0,0,0,0,0,0,0,0,0,10,10,0,0,0,0,10,0,0,79,171,78,0,1,5,0,0,0,0
23007,0,1,7,2,96,493,0,0,0,0,0,1,0,0,0,0,0,0,0,0,0,0,22,23,0,0,0,0,10,0,8,45,171,78,0,2,3,0,0,0,0
921,1,1,11,2,225,94,0,0,0,0,0,1,0,0,0,0,0,0,0,0,0,0,0,1,0,0,0,0,10,0,40,76,38,43,6,1,0,0,0,0,0
103808,0,0,14,2,22,0,0,0,0,0,0,0,0,0,0,0,0,0,0,0,0,0,4,0,0,0,0,0,1,5,0,201,18,9,1,9,0,0,0,0,0
458840,0,1,7,2,171,492,0,0,0,0,0,1,0,0,0,0,0,0,0,0,0,0,17,17,0,0,0,0,10,0,0,104,171,78,0,1,2,0,0,11,9
75064,0,1,7,0,0,0,0,0,0,0,0,0,0,0,0,0,0,0,0,0,0,0,0,0,0,0,1,9,10,0,0,56,171,78,0,2,16,0,0,20,25
30152,0,1,7,2,91,273,0,0,0,0,0,1,0,0,0,0,0,0,0,0,0,0,3,3,0,0,0,0,10,0,0,113,171,78,0,1,2,0,0,0,0
346230,0,1,7,0,0,0,0,0,0,0,0,0,0,0,0,0,0,0,0,0,0,0,0,0,0,0,1,9,10,0,0,11,171,78,0,8,13,0,0,26,28
12813,0,1,7,2,78,422,0,0,0,0,0,1,0,0,0,0,0,0,0,0,0,0,6,6,0,0,0,0,10,0,0,28,171,78,0,3,2,0,0,0,0
29963,0,1,7,2,60,295,0,0,0,0,0,1,0,0,0,0,0,0,0,0,0,0,10,10,0,0,0,0,10,0,0,201,171,78,0,0,0,0,0,0,0
23001,0,1,7,2,70,370,0,0,0,0,0,1,0,0,0,0,0,0,0,0,0,0,0,0,0,0,0,0,10,0,0,40,171,78,0,2,2,0,0,0,0
42097,0,0,2,2,7,0,0,0,0,0,0,0,0,0,0,0,0,0,0,0,0,0,0,0,0,0,0,0,10,0,0,99,73,78,0,60,0,0,0,0,0
84873,0,1,7,2,180,153,0,0,0,0,0,1,0,0,0,0,0,0,0,0,0,0,3,3,0,0,0,0,10,0,0,27,171,78,0,4,2,0,0,0,0
348131,61,2,9,2,28,26,0,0,0,0,0,0,0,0,0,0,0,0,0,0,0,0,0,0,0,0,0,0,10,0,0,201,0,0,38,56,0,0,0,0,0
85770,0,1,7,2,131,86,0,0,0,0,0,1,0,0,0,0,0,0,0,0,0,0,7,10,0,0,0,0,10,0,26,201,171,78,0,0,0,0,0,0,0
346092,0,1,7,0,0,0,0,0,0,0,0,0,0,0,0,0,0,0,0,0,0,0,0,0,0,0,1,9,10,0,0,13,54,78,0,7,22,0,0,26,28
77137,0,1,7,0,0,0,0,0,0,0,0,0,0,0,0,0,0,0,0,0,0,0,0,0,0,0,1,9,10,0,0,5,171,78,0,16,10,0,0,26,28
80551,0,1,7,2,180,448,0,0,0,0,0,1,0,0,0,0,0,0,0,0,0,0,1,1,0,0,0,0,10,0,0,201,171,78,0,0,0,0,0,0,0
31663,0,1,6,2,290,0,0,0,0,0,0,1,0,0,0,0,0,0,0,0,0,0,10,12,0,0,0,0,10,0,15,106,71,17,3,17,2,0,0,0,0
491295,0,2,10,2,24,0,0,0,0,0,0,0,0,0,0,0,0,0,0,0,0,0,0,0,0,0,0,0,10,0,0,201,157,73,1,0,0,0,0,0,0
23583,0,1,7,2,156,561,0,0,0,0,0,1,0,0,0,0,0,0,0,0,0,0,9,9,0,0,0,0,10,0,0,201,171,78,0,0,0,0,0,0,0
12046,0,1,7,2,79,402,0,0,0,0,0,1,0,0,0,0,0,0,0,0,0,0,13,32,0,0,0,0,10,0,9,201,171,78,0,0,0,0,0,0,0
493443,0,1,7,2,63,363,0,0,0,0,0,1,0,0,0,0,0,0,0,0,0,0,3,6,0,0,0,0,10,0,27,22,171,78,0,4,7,4,1,0,0
20726,0,1,7,2,66,301,0,0,0,0,0,1,0,0,0,0,0,0,0,0,0,0,15,15,0,0,0,0,10,0,0,15,171,78,0,6,1,0,0,0,0
346887,0,2,10,2,24,45,0,0,0,0,0,0,0,0,0,0,0,0,0,0,0,0,0,0,0,0,0,0,10,0,0,137,93,73,2,1,0,0,0,0,0
3164,0,1,7,2,125,353,0,0,0,0,0,1,0,0,0,0,0,0,0,0,0,0,4,7,0,0,0,0,10,0,31,4,171,78,0,19,5,0,0,0,0
31020,0,1,7,2,158,67,0,0,0,0,0,1,0,0,0,0,0,0,0,0,0,0,18,18,0,0,0,0,10,0,0,188,171,78,0,0,1,0,0,0,0
137426,1,1,11,2,274,99,0,0,0,0,0,1,0,0,0,0,0,0,0,0,0,0,0,1,0,0,0,0,10,0,40,163,106,45,3,1,1,0,0,0,0
37246,0,1,7,2,57,375,0,0,0,0,0,1,0,0,0,0,0,0,0,0,0,0,33,35,0,0,0,0,10,0,8,201,171,78,0,0,0,0,0,0,0
3162,0,1,7,2,110,536,0,0,0,0,0,1,0,0,0,0,0,0,0,0,0,0,0,0,0,0,0,0,10,0,0,4,171,78,0,19,4,0,0,0,0
348629,39,2,9,2,28,26,0,0,0,0,0,0,0,0,0,0,0,0,0,0,0,0,0,0,0,0,0,0,10,0,0,201,0,0,52,59,0,0,0,0,0
19780,0,1,7,2,96,568,0,0,0,0,0,1,0,0,0,0,0,0,0,0,0,0,0,0,0,0,0,0,10,0,0,8,171,78,0,11,1,0,0,0,0
88480,0,1,7,2,214,497,0,0,0,0,0,1,0,0,0,0,0,0,0,0,0,0,0,1,0,0,0,0,10,0,40,6,171,78,0,13,6,0,0,0,0
24314,0,1,7,2,168,114,0,0,0,0,0,1,0,0,0,0,0,0,0,0,0,0,17,17,0,0,0,0,10,0,0,17,171,78,0,6,1,0,0,0,0
23957,0,1,7,2,178,272,0,0,0,0,0,1,0,0,0,0,0,0,0,0,0,0,17,18,0,0,0,0,10,0,11,183,171,78,0,0,1,0,0,0,0
36479,0,1,7,2,155,192,0,0,0,0,0,1,0,0,0,0,0,0,0,0,0,0,20,59,0,0,0,0,10,0,5,20,171,78,0,5,2,0,0,0,0
484393,0,1,7,2,99,486,0,0,0,0,0,1,0,0,0,0,0,0,0,0,0,0,7,7,0,0,0,0,10,0,0,26,126,78,0,4,5,0,1,0,0
107512,0,1,7,2,116,320,0,0,0,0,0,1,0,0,0,0,0,0,0,0,0,0,0,0,0,0,0,0,10,0,0,201,171,78,0,0,0,0,0,0,0
14196,0,1,7,2,185,258,0,0,0,0,0,1,0,0,0,0,0,0,0,0,0,0,28,29,0,0,0,0,10,0,7,201,171,78,0,0,0,0,0,0,0
896,0,1,7,2,64,412,0,0,0,0,0,1,0,0,0,0,0,0,0,0,0,0,9,28,0,0,0,0,10,0,7,9,171,78,0,10,3,0,0,0,0
343496,0,2,10,2,24,45,0,0,0,0,0,0,0,0,0,0,0,0,0,0,0,0,0,0,0,0,0,0,10,0,0,201,157,73,1,0,0,0,0,0,0
36144,0,1,7,2,78,275,0,0,0,0,0,1,0,0,0,0,0,0,0,0,0,0,6,13,0,0,0,0,10,0,21,68,171,78,0,1,2,0,0,0,0
91560,0,1,7,2,153,296,0,0,0,0,0,1,0,0,0,0,0,0,0,0,0,0,2,2,0,0,0,0,10,0,0,201,165,76,1,0,0,0,0,0,0
32643,0,1,7,2,87,430,0,0,0,0,0,1,0,0,0,0,0,0,0,0,0,0,0,1,0,0,0,0,10,0,40,177,171,78,0,0,4,0,0,0,0
13691,0,1,7,2,88,87,0,0,0,0,0,1,0,0,0,0,0,0,0,0,0,0,4,4,0,0,0,0,10,0,0,201,171,78,0,0,0,0,0,0,0
492433,0,1,7,2,122,460,0,0,0,0,0,1,0,0,0,0,0,0,0,0,0,0,6,37,0,2,0,2,10,0,11,201,171,78,0,0,0,0,0,0,0
7301,0,1,7,2,50,250,0,0,0,0,0,1,0,0,0,0,0,0,0,0,0,0,3,5,0,0,0,0,10,0,29,201,171,78,0,0,0,0,0,0,0
455013,0,1,6,2,310,0,0,0,0,0,0,1,0,0,0,0,0,0,0,0,0,0,0,0,0,0,0,0,10,0,0,112,36,22,5,24,4,0,0,0,0
5497,0,1,7,2,167,106,0,0,0,0,0,1,0,0,0,0,0,0,0,0,0,0,1,1,0,0,0,0,10,0,0,201,171,78,0,0,0,0,0,0,0
34491,0,1,7,2,86,358,0,0,0,0,0,1,0,0,0,0,0,0,0,0,0,0,6,6,0,0,0,0,10,0,0,185,171,78,0,0,2,0,0,0,0
88146,0,1,7,2,149,88,0,0,0,0,0,1,0,0,0,0,0,0,0,0,0,0,7,9,0,0,0,0,10,0,28,201,171,78,0,0,0,0,0,0,0
137384,0,1,11,2,278,102,0,0,0,0,0,1,0,0,0,0,0,0,0,0,0,0,0,0,0,0,0,0,10,0,0,46,86,42,11,2,2,0,0,0,0
482849,2,1,11,2,240,100,0,0,0,0,0,1,0,0,0,0,0,0,0,0,0,0,0,1,0,0,0,0,10,0,40,135,59,34,5,1,2,1,1,0,0
90854,0,1,7,2,144,124,0,0,0,0,0,1,0,0,0,0,0,0,0,0,0,0,41,48,0,0,0,0,10,0,4,102,171,78,0,1,1,0,0,0,0
138375,0,1,7,2,173,576,0,0,0,0,0,1,0,0,0,0,0,0,0,0,0,0,2,2,0,0,0,0,10,0,0,188,171,78,0,0,2,0,0,0,0
455144,18,1,5,2,279,456,0,0,0,2,0,1,0,0,0,0,0,0,0,0,0,1,0,0,0,0,0,0,10,0,0,201,26,13,3,0,0,0,0,0,0
18037,0,1,7,2,91,291,0,0,0,0,0,1,0,0,0,0,0,0,0,0,0,0,9,13,0,0,0,0,10,0,14,201,171,78,0,0,0,0,0,0,0
457607,55,2,9,2,29,26,0,0,0,0,0,0,0,0,0,0,0,0,0,0,0,0,2,0,0,0,0,0,3,8,0,201,0,0,34,52,0,0,0,0,0
27029,0,1,7,2,109,434,0,0,0,0,0,1,0,0,0,0,0,0,0,0,0,0,0,0,0,0,0,0,10,0,0,198,171,78,0,0,1,1,1,0,0
31351,0,1,7,2,163,261,0,0,0,0,0,1,0,0,0,0,0,0,0,0,0,0,12,12,0,0,0,0,10,0,0,201,171,78,0,0,0,0,0,0,0
450147,5,2,10,2,24,44,0,0,0,0,0,0,0,0,0,0,0,0,0,0,0,0,1,1,0,0,0,0,10,0,0,201,143,67,1,1,0,0,0,0,0
18603,0,1,7,2,83,368,0,0,0,0,0,1,0,0,0,0,0,0,0,0,0,0,7,7,0,0,0,0,10,0,0,76,171,78,0,1,3,0,0,0,0
53019,8,1,11,2,250,118,0,0,0,0,0,1,0,0,0,0,0,0,0,0,0,0,0,1,0,0,0,0,10,0,40,168,60,28,3,1,2,0,0,1,0
33391,0,1,7,2,156,339,0,0,0,0,0,1,0,0,0,0,0,0,0,0,0,0,7,8,0,0,0,0,10,0,22,156,171,78,0,1,2,0,0,0,0
345244,0,2,10,2,24,0,0,0,0,0,0,0,0,0,0,0,0,0,0,0,0,0,0,0,0,0,0,0,10,0,0,201,157,73,1,0,0,0,0,0,0
29465,0,1,7,2,51,397,0,0,0,0,0,1,0,0,0,0,0,0,0,0,0,0,22,22,0,0,0,0,10,0,0,201,171,78,0,0,0,0,0,0,0
22699,0,1,6,2,324,0,0,0,0,0,0,1,0,0,0,0,0,0,0,0,0,0,10,10,0,0,0,0,10,0,0,66,46,49,4,36,3,0,2,0,0
23743,0,1,7,2,73,543,0,0,0,0,0,1,0,0,0,0,0,0,0,0,0,0,4,5,0,0,0,0,10,0,29,4,171,78,0,19,4,0,0,0,0
82787,0,1,7,2,152,373,0,0,0,0,0,1,0,0,0,0,0,0,0,0,0,0,11,11,0,0,0,0,10,0,0,201,163,75,1,0,0,0,0,0,0
34340,0,1,7,2,89,56,0,0,0,0,0,1,0,0,0,0,0,0,0,0,0,0,0,0,0,0,0,0,10,0,0,4,171,78,0,19,2,0,0,0,0
13421,0,1,7,2,200,479,0,0,0,0,0,1,0,0,0,0,0,0,0,0,0,0,6,6,0,0,0,0,10,0,0,201,171,78,0,0,0,0,0,0,0
6518,0,1,7,2,88,191,0,0,0,0,0,1,0,0,0,0,0,0,0,0,0,0,11,11,0,0,0,0,10,0,0,11,171,78,0,8,3,0,0,0,0
371905,0,1,7,0,0,0,0,0,0,0,0,0,0,0,0,0,0,0,0,0,0,0,0,0,0,0,1,9,10,0,0,0,137,78,0,60,16,0,0,26,23
20435,0,1,7,2,146,314,0,0,0,0,0,1,0,0,0,0,0,0,0,0,0,0,1,1,0,0,0,0,10,0,0,1,171,78,0,31,6,0,0,0,0
41529,0,1,6,2,62,0,0,0,0,0,0,1,0,0,0,0,0,0,0,0,0,0,2,1,0,0,0,0,6,8,0,179,27,16,2,16,0,0,0,0,0
6488,0,1,7,2,170,310,0,0,0,0,0,1,0,0,0,0,0,0,0,0,0,0,2,3,0,0,0,0,10,0,33,2,171,78,0,27,4,0,0,0,0
24909,0,1,7,2,128,411,0,0,0,0,0,1,0,0,0,0,0,0,0,0,0,0,1,7,0,0,0,0,10,0,25,86,171,78,0,1,2,0,0,0,0
492624,0,1,7,2,86,308,0,0,0,0,0,1,0,0,0,0,0,0,0,0,0,0,9,9,0,0,0,0,10,0,0,34,171,78,0,3,2,0,0,0,0
37308,0,1,7,2,172,144,0,0,0,0,0,1,0,0,0,0,0,0,0,0,0,0,12,15,0,0,0,0,10,0,19,201,171,78,0,0,0,0,0,0,0
3245,0,1,7,2,101,429,0,0,0,0,0,1,0,0,0,0,0,0,0,0,0,0,0,0,0,0,0,0,10,0,0,66,171,78,0,1,4,0,0,0,0
396736,1,1,11,2,285,95,0,0,0,0,0,1,0,0,0,0,0,0,0,0,0,0,0,1,0,0,0,0,10,0,40,173,97,42,2,0,1,0,0,0,0
344038,0,1,7,0,0,0,0,0,0,0,0,0,0,0,0,0,0,0,0,0,0,0,0,0,0,0,1,9,10,0,0,1,55,78,0,31,25,0,0,26,28
42120,0,2,1,2,16,36,0,0,0,0,0,0,0,0,0,0,0,0,0,0,0,0,62,76,0,0,0,0,10,1,0,175,107,62,1,0,0,0,0,0,0
481809,69,2,9,2,29,26,0,0,0,0,0,0,0,0,0,0,0,0,0,0,0,0,0,0,0,0,0,0,10,0,0,201,0,0,34,51,0,0,0,0,0
371545,0,2,10,2,24,0,0,0,0,0,0,0,0,0,0,0,0,0,0,0,0,0,0,0,0,0,0,0,10,0,0,201,153,71,1,0,0,0,0,0,0
347436,0,2,10,2,24,45,0,0,0,0,0,0,0,0,0,0,0,0,0,0,0,0,0,0,0,0,0,0,10,0,0,201,147,69,1,0,0,0,0,0,0
18677,0,1,7,2,146,333,0,0,0,0,0,1,0,0,0,0,0,0,0,0,0,0,11,11,0,0,0,0,10,0,0,58,171,78,0,2,4,0,0,0,0
41319,0,1,7,0,0,0,0,0,0,0,0,0,0,0,0,0,0,0,0,0,0,0,0,0,0,0,1,9,10,0,0,0,171,78,0,60,27,0,0,26,27
148163,0,2,10,2,24,45,0,0,0,0,0,0,0,0,0,0,0,0,0,0,0,0,0,0,0,0,0,0,10,0,0,44,29,60,4,2,0,0,0,0,0
451922,0,1,6,2,222,0,0,0,0,0,0,1,0,0,0,0,0,0,0,0,0,0,1,1,0,0,0,0,10,0,0,201,65,27,3,29,0,0,0,0,0
29822,0,1,7,2,90,501,0,0,0,0,0,1,0,0,0,0,0,0,0,0,0,0,35,37,0,0,0,0,10,0,5,201,171,78,0,0,0,0,0,0,0
5990,0,1,7,2,61,347,0,0,0,0,0,1,0,0,0,0,0,0,0,0,0,0,20,22,0,0,0,0,10,0,13,127,171,78,0,1,2,0,0,0,0
83985,0,1,7,2,156,395,0,0,0,0,0,1,0,0,0,0,0,0,0,0,0,0,9,9,0,0,0,0,10,0,0,9,171,78,0,10,2,0,0,0,0
36804,0,1,7,2,86,466,0,0,0,0,0,1,0,0,0,0,0,0,0,0,0,0,6,7,0,0,0,0,10,0,25,74,171,78,0,1,6,0,0,0,0
104517,0,1,11,2,226,104,0,0,0,0,0,1,0,0,0,0,0,0,0,0,0,0,0,0,0,0,0,0,10,0,0,135,77,26,5,1,2,0,0,0,0
481712,0,2,1,2,18,28,0,0,0,0,0,0,0,0,0,0,0,0,0,0,0,0,34,63,0,0,0,0,10,0,2,201,170,78,1,0,0,0,0,0,0
458349,0,1,6,2,113,0,0,0,0,0,0,1,0,0,0,0,0,0,0,0,0,0,0,0,0,0,0,0,10,0,0,201,2,1,23,1,0,0,0,0,0
137988,0,1,7,2,159,177,0,0,0,0,0,1,0,0,0,0,0,0,0,0,0,0,13,34,0,0,0,0,10,0,11,13,171,78,0,7,2,0,1,0,1
371569,0,2,10,2,24,45,0,0,0,0,0,0,0,0,0,0,0,0,0,0,0,0,0,0,0,0,0,0,10,0,0,201,161,74,1,0,0,0,0,0,0
85556,0,1,7,2,164,321,0,0,0,0,0,1,0,0,0,0,0,0,0,0,0,0,6,6,0,0,0,0,10,0,0,140,171,78,0,1,1,0,0,1,0
104122,0,1,7,2,84,441,0,0,0,0,0,1,0,0,0,0,0,0,0,0,0,0,6,6,0,0,0,0,10,0,0,104,171,78,0,1,4,0,0,0,0
147395,0,1,7,2,167,147,0,0,0,0,0,1,0,0,0,0,0,0,0,0,0,0,9,9,0,0,0,0,10,0,0,146,169,78,0,1,6,0,0,14,12
84388,0,1,7,2,76,84,0,0,0,0,0,1,0,0,0,0,0,0,0,0,0,0,27,35,0,0,0,0,10,0,6,201,171,78,0,0,0,0,0,0,0
76826,0,0,3,2,7,0,0,0,0,0,0,0,0,0,0,0,0,0,0,0,0,0,0,0,0,0,0,0,10,0,0,58,46,78,0,60,0,0,0,0,0
137727,0,1,7,2,202,408,0,0,0,0,0,1,0,0,0,0,0,0,0,0,0,0,3,3,0,0,0,0,10,0,0,201,171,78,0,0,0,0,0,0,0
139292,0,1,7,2,144,446,0,0,0,0,0,1,0,0,0,0,0,0,0,0,0,0,3,3,0,0,0,0,10,0,0,40,171,78,0,2,3,0,0,0,0
34098,0,1,7,2,212,70,0,0,0,0,0,1,0,0,0,0,0,0,0,0,0,0,1,1,0,0,0,0,10,0,0,201,171,78,0,0,0,0,0,0,0
139574,0,1,7,2,89,344,0,0,0,0,0,1,0,0,0,0,0,0,0,0,0,0,1,15,0,0,0,0,10,0,12,114,171,78,0,1,3,0,0,0,0
82012,0,1,7,2,68,304,0,0,0,0,0,1,0,0,0,0,0,0,0,0,0,0,9,9,0,0,0,0,10,0,0,162,116,78,0,1,0,0,0,1,1
138560,0,1,7,2,140,101,0,0,0,0,0,1,0,0,0,0,0,0,0,0,0,0,16,19,0,0,0,0,10,0,10,156,171,78,0,1,1,0,0,0,0
458547,16,1,5,2,198,257,0,0,0,1,0,1,0,0,0,0,0,0,0,0,0,1,0,0,0,0,0,0,10,0,0,83,15,20,7,1,0,0,0,0,0
75139,0,1,7,0,0,0,0,0,0,0,0,0,0,0,0,0,0,0,0,0,0,0,0,0,0,0,1,9,10,0,0,2,57,78,0,27,27,0,0,26,28
77452,0,1,7,2,96,259,0,0,0,0,0,1,0,0,0,0,0,0,0,0,0,0,6,6,0,0,0,0,10,0,0,201,171,78,0,0,0,0,0,0,0
137671,0,1,7,2,118,199,0,0,0,0,0,1,0,0,0,0,0,0,0,0,0,0,23,23,0,0,0,0,10,0,0,201,171,78,0,0,0,1,1,0,0
34693,0,1,7,2,82,280,0,0,0,0,0,1,0,0,0,0,0,0,0,0,0,0,1,1,0,0,0,0,10,0,0,1,171,78,0,31,4,0,0,0,0
451636,40,2,9,2,27,26,0,0,0,0,0,0,0,0,0,0,0,0,0,0,0,0,1,1,0,0,0,0,10,0,0,201,1,1,51,60,0,0,0,0,0
491219,12,2,10,2,24,46,0,0,0,0,0,0,0,0,0,0,0,0,0,0,0,0,1,1,0,0,0,0,10,0,0,201,149,69,1,1,0,0,0,0,0
138525,0,1,7,2,107,348,0,0,0,0,0,1,0,0,0,0,0,0,0,0,0,0,17,17,0,0,0,0,10,0,0,17,171,78,0,6,4,0,0,0,0
15848,0,2,1,2,10,20,0,0,0,0,0,0,0,0,0,0,0,0,0,0,0,0,0,4,0,0,0,0,10,0,39,122,48,32,3,1,0,0,0,0,0
346633,0,1,11,2,309,158,0,0,0,0,0,1,0,0,0,0,0,0,0,0,0,0,0,0,0,0,0,0,10,0,0,67,53,12,7,1,3,0,0,18,0
146580,62,2,9,2,29,26,0,0,0,0,0,0,0,0,0,0,0,0,0,0,0,0,0,0,0,0,0,0,10,0,0,201,1,1,39,60,0,0,0,0,0
149035,1,1,4,2,1,58,0,0,0,0,0,0,0,0,0,0,0,0,0,0,0,0,0,0,0,0,0,0,10,0,0,189,8,5,3,0,0,0,0,0,0
452217,0,1,7,0,0,0,0,0,0,0,0,0,0,0,0,0,0,0,0,0,0,0,0,0,0,0,1,9,10,0,0,91,171,78,0,2,10,0,0,15,14
79135,0,1,7,2,76,52,0,0,0,0,0,1,0,0,0,0,0,0,0,0,0,0,17,18,0,0,0,0,10,0,11,42,171,78,0,2,3,0,0,0,0
29588,0,1,7,2,152,313,0,0,0,0,0,1,0,0,0,0,0,0,0,0,0,0,7,8,0,0,0,0,10,0,22,201,171,78,0,0,0,0,0,0,0
14744,0,1,7,2,149,210,0,0,0,0,0,1,0,0,0,0,0,0,0,0,0,0,9,22,0,0,0,0,10,0,13,9,171,78,0,10,3,0,0,0,0
75050,0,1,7,0,0,0,0,0,0,0,0,0,0,0,0,0,0,0,0,0,0,0,0,0,0,0,1,9,10,0,0,2,171,78,0,27,16,0,0,26,28
19092,0,1,7,2,90,91,0,0,0,0,0,1,0,0,0,0,0,0,0,0,0,0,3,3,0,0,0,0,10,0,0,201,171,78,0,0,0,0,0,0,0
52688,0,2,1,2,18,9,0,0,0,0,0,0,0,0,0,0,0,0,0,0,0,0,52,71,0,0,0,0,9,2,1,201,170,78,1,1,0,0,0,0,0
107485,0,1,7,2,174,574,0,0,0,0,0,1,0,0,0,0,0,0,0,0,0,0,9,18,0,0,0,0,10,0,11,39,171,78,0,3,2,0,0,0,0
90487,0,2,1,2,10,0,0,0,0,0,0,0,0,0,0,0,0,0,0,0,0,0,0,1,0,0,0,0,10,0,40,201,42,20,3,21,0,0,0,0,0
484862,0,1,7,2,30,156,0,0,0,0,0,1,0,0,0,0,0,0,0,0,0,0,0,0,0,0,0,0,10,0,0,3,171,78,0,22,4,0,1,0,0
24697,0,1,7,2,79,496,0,0,0,0,0,1,0,0,0,0,0,0,0,0,0,0,19,19,0,0,0,0,10,0,0,201,171,78,0,0,0,0,0,0,0
5079,0,1,7,2,76,272,0,0,0,0,0,1,0,0,0,0,0,0,0,0,0,0,34,36,0,0,0,0,10,0,5,201,171,78,0,0,0,0,0,0,0
493129,0,1,7,2,79,475,0,0,0,0,0,1,0,0,0,0,0,0,0,0,0,0,11,44,0,0,0,1,10,0,11,201,171,78,0,0,0,0,0,0,0
17082,0,1,7,2,93,227,0,0,0,0,0,1,0,0,0,0,0,0,0,0,0,0,7,7,0,0,0,0,10,0,0,7,171,78,0,12,5,0,0,0,0
347341,0,2,10,2,24,45,0,0,0,0,0,0,0,0,0,0,0,0,0,0,0,0,0,0,0,0,0,0,10,0,0,201,155,72,1,0,0,0,0,0,0
144333,0,1,11,2,305,98,0,0,0,0,0,1,0,0,0,0,0,0,0,0,0,0,0,0,0,0,0,0,10,0,0,114,66,48,2,1,2,0,0,0,0
12389,0,1,7,2,126,195,0,0,0,0,0,1,0,0,0,0,0,0,0,0,0,0,3,4,0,0,0,0,10,0,32,87,171,78,0,1,2,0,0,0,0
456389,0,2,10,2,24,46,0,0,0,0,0,0,0,0,0,0,0,0,0,0,0,0,0,0,0,0,0,0,10,0,0,201,161,74,1,0,0,0,0,0,0
137308,0,1,7,2,91,557,0,0,0,0,0,1,0,0,0,0,0,0,0,0,0,0,1,8,0,0,0,0,10,0,29,15,26,78,0,6,6,0,0,6,3
28044,0,1,7,2,141,478,0,0,0,0,0,1,0,0,0,0,0,0,0,0,0,0,12,12,0,0,0,0,10,0,0,115,171,78,0,1,2,0,0,0,0
107726,0,1,7,2,187,138,0,0,0,0,0,1,0,0,0,0,0,0,0,0,0,0,11,15,0,0,0,0,10,0,19,120,171,78,0,1,1,0,0,0,0
146495,0,1,6,2,307,0,0,0,0,0,0,1,0,0,0,0,0,0,0,0,0,0,15,15,0,0,0,0,10,0,0,201,17,9,44,9,0,0,0,0,0
139276,0,1,7,2,191,171,0,0,0,0,0,1,0,0,0,0,0,0,0,0,0,0,7,34,0,0,0,0,10,0,11,201,171,78,0,0,0,1,1,0,0
4840,0,1,7,2,52,548,0,0,0,0,0,1,0,0,0,0,0,0,0,0,0,0,3,3,0,0,0,0,10,0,0,40,171,78,0,2,2,0,0,0,0
141362,0,1,11,2,237,101,0,0,0,0,0,1,0,0,0,0,0,0,0,0,0,0,0,0,0,0,0,0,10,0,0,41,125,68,5,2,1,0,0,0,0
31888,0,1,7,2,175,507,0,0,0,0,0,1,0,0,0,0,0,0,0,0,0,0,7,7,0,0,0,0,10,0,0,201,171,78,0,0,0,0,0,0,0
36907,0,1,7,2,106,449,0,0,0,0,0,1,0,0,0,0,0,0,0,0,0,0,9,21,0,0,0,0,10,0,18,196,171,78,0,0,1,0,0,0,0
3254,0,1,7,2,60,202,0,0,0,0,0,1,0,0,0,0,0,0,0,0,0,0,7,7,0,0,0,0,10,0,0,141,171,78,0,1,4,0,0,0,0
146021,0,2,10,2,24,46,0,0,0,0,0,0,0,0,0,0,0,0,0,0,0,0,0,0,0,0,0,0,10,0,0,201,164,75,1,0,0,0,0,0,0
139742,0,1,7,2,204,157,0,0,0,0,0,1,0,0,0,0,0,0,0,0,0,0,16,16,0,0,0,0,10,0,0,201,171,78,0,0,0,0,0,1,1
344866,0,1,7,0,0,0,0,0,0,0,0,0,0,0,0,0,0,0,0,0,0,0,0,0,0,0,1,9,10,0,0,201,138,65,2,0,0,0,0,21,28
452135,4,1,11,2,227,98,0,0,0,0,0,1,0,0,0,0,0,0,0,0,0,0,0,3,0,0,0,0,10,0,40,71,108,58,5,1,1,0,0,0,0
33234,0,1,7,2,57,527,0,0,0,0,0,1,0,0,0,0,0,0,0,0,0,0,6,6,0,0,0,0,10,0,0,129,171,78,0,1,1,0,0,0,0
348846,0,1,6,2,323,0,0,0,0,0,0,1,0,0,0,0,0,0,0,0,0,0,2,2,0,0,0,0,10,0,0,58,68,54,5,40,2,0,0,0,0
5189,0,1,7,2,39,544,0,0,0,0,0,1,0,0,0,0,0,0,0,0,0,0,0,0,0,0,0,0,10,0,0,26,171,78,0,4,2,0,0,0,0
136772,0,1,7,2,93,431,0,0,0,0,0,1,0,0,0,0,0,0,0,0,0,0,0,31,0,0,0,0,10,0,9,201,166,76,1,0,0,0,0,0,0
78545,0,1,7,2,64,284,0,0,0,0,0,1,0,0,0,0,0,0,0,0,0,0,2,2,0,0,0,0,10,0,0,85,152,78,0,1,1,0,0,0,0
482934,0,1,6,2,326,0,0,0,0,0,0,0,0,0,0,0,0,0,0,0,0,0,20,20,0,0,0,0,10,0,0,193,58,26,2,28,0,1,0,0,0
145614,0,2,10,2,24,46,0,0,0,0,0,0,0,0,0,0,0,0,0,0,0,0,0,0,0,0,0,0,10,0,0,201,168,77,1,0,0,0,0,0,0
346558,0,1,6,2,325,0,0,0,0,0,0,1,0,0,0,0,1,0,0,0,0,0,0,0,0,0,0,0,10,0,0,165,59,23,3,25,2,0,0,0,0
137079,0,2,1,2,17,8,0,0,0,0,0,0,0,0,0,0,0,0,0,0,0,0,56,69,0,0,0,0,10,0,0,201,170,78,1,1,0,0,0,0,0
41685,0,1,6,2,249,0,0,0,0,0,0,1,0,0,0,0,0,0,0,0,0,0,8,8,0,0,0,0,10,0,0,22,25,45,9,33,6,0,0,0,0
484548,0,1,7,2,188,333,0,0,0,0,0,1,0,0,0,0,0,0,0,0,0,0,10,10,0,0,0,0,10,0,0,201,171,78,0,0,0,1,1,0,0
456926,0,2,10,2,24,0,0,0,0,0,0,0,0,0,0,0,0,0,0,0,0,0,0,0,0,0,0,0,10,0,0,201,149,69,1,0,0,0,0,0,0
37045,0,1,7,2,65,200,0,0,0,0,0,1,0,0,0,0,0,0,0,0,0,0,9,10,0,0,0,0,10,0,18,94,171,78,0,1,2,0,0,0,0
37644,0,1,7,2,78,237,0,0,0,0,0,1,0,0,0,0,0,0,0,0,0,0,11,12,0,0,0,0,10,0,15,11,171,78,0,8,2,0,0,0,0
138584,0,1,7,2,68,99,0,0,0,0,0,1,0,0,0,0,0,0,0,0,0,0,6,6,0,0,0,0,10,0,0,201,171,78,0,0,0,0,0,0,0
88710,0,1,7,2,59,219,0,0,0,0,0,1,0,0,0,0,0,0,0,0,0,0,19,19,0,0,0,0,10,0,0,201,171,78,0,0,0,0,0,0,0
78851,0,1,6,2,318,0,0,0,0,0,0,1,0,0,0,0,0,0,0,0,0,0,6,6,0,0,0,0,10,0,0,186,35,19,3,20,0,0,0,0,0
38657,0,1,7,2,117,539,0,0,0,0,0,1,0,0,0,0,0,0,0,0,0,0,3,3,0,0,0,0,10,0,0,116,171,78,0,1,1,0,0,0,0
106064,0,1,7,2,86,378,0,0,0,0,0,1,0,0,0,0,0,0,0,0,0,0,27,27,0,0,0,0,10,0,0,201,171,78,0,0,0,0,0,0,0
83198,1,1,11,2,294,115,0,0,0,0,0,1,0,0,0,0,0,0,0,0,0,0,0,1,0,0,0,0,10,0,40,111,89,39,4,1,1,0,0,0,0
396718,0,1,11,2,291,92,0,0,0,0,0,1,0,0,0,0,0,0,0,0,0,0,0,0,0,0,0,0,10,0,0,19,121,54,15,5,1,0,0,0,0
491849,0,1,7,2,148,263,0,0,0,0,0,1,0,0,0,0,0,0,0,0,0,0,2,4,0,0,0,0,10,0,35,2,171,78,0,27,8,0,0,0,0
493061,0,1,7,2,179,180,0,0,0,0,0,1,0,0,0,0,0,0,0,0,0,0,2,17,0,0,0,0,10,0,11,201,171,78,0,0,0,0,0,0,0
483353,0,1,7,2,149,76,0,0,0,0,0,1,0,0,0,0,0,0,0,0,0,0,3,3,0,0,0,0,10,0,0,99,171,78,0,1,3,0,0,0,1
81155,0,1,7,2,97,354,0,0,0,0,0,1,0,0,0,0,0,0,0,0,0,0,5,6,0,0,0,0,10,0,27,201,171,78,0,0,0,0,0,0,0
482450,43,2,9,2,29,26,0,0,0,0,0,0,0,0,0,0,0,0,0,0,0,0,0,0,0,0,0,0,10,0,0,201,0,0,49,60,0,0,0,0,0
20331,0,1,7,2,54,156,0,0,0,0,0,1,0,0,0,0,0,0,0,0,0,0,38,39,0,0,0,0,10,0,5,152,171,78,0,1,2,0,0,0,0
342995,0,2,10,2,24,45,0,0,0,0,0,0,0,0,0,0,0,0,0,0,0,0,0,0,0,0,0,0,10,0,0,55,39,71,4,2,0,0,0,0,0
25836,0,1,7,2,26,425,0,0,0,0,0,1,0,0,0,0,0,0,0,0,0,0,0,0,0,0,0,0,10,0,0,0,171,78,0,60,1,0,0,0,0
493482,0,1,7,2,121,70,0,0,0,0,0,1,0,0,0,0,0,0,0,0,0,0,1,1,0,0,0,0,10,0,0,173,171,78,0,0,2,0,0,0,0
371927,0,1,7,1,0,0,0,0,0,0,0,0,0,0,0,0,0,0,0,0,0,0,0,0,5,9,0,0,10,0,0,19,171,78,0,5,18,5,0,24,26
348833,0,2,1,2,12,0,0,0,0,0,0,0,0,0,0,0,0,0,0,0,0,0,0,0,0,0,0,0,10,0,0,145,21,14,4,14,7,0,0,0,0
344207,0,1,6,2,322,0,0,0,0,0,0,1,0,0,0,0,0,0,0,0,0,0,0,0,0,0,0,0,10,0,0,131,14,12,3,12,0,0,0,0,0
6310,0,1,7,2,33,57,0,0,0,0,0,1,0,0,0,0,0,0,0,0,0,0,0,0,0,0,0,0,10,0,0,25,171,78,0,4,5,0,0,0,0
11847,1,1,11,2,276,100,0,0,0,0,0,1,0,0,0,0,0,0,0,0,0,0,0,2,0,0,0,0,10,0,40,58,111,42,7,2,1,0,0,0,0
16814,0,1,7,2,143,148,0,0,0,0,0,1,0,0,0,0,0,0,0,0,0,0,26,29,0,0,0,0,10,0,10,201,171,78,0,0,0,0,0,0,0
144965,0,1,7,0,0,0,0,0,0,0,0,0,0,0,0,0,0,0,0,0,0,0,0,2,0,0,1,9,10,0,40,8,6,78,0,11,0,0,0,26,28
144942,0,1,11,2,217,103,0,0,0,0,0,1,0,0,0,0,0,0,0,0,0,0,0,0,0,0,0,0,10,0,0,13,105,78,0,7,2,0,0,0,0
23526,0,1,7,2,154,554,0,0,0,0,0,1,0,0,0,0,0,0,0,0,0,0,15,42,0,0,0,0,10,0,5,201,171,78,0,0,0,0,0,0,0
147338,0,1,7,0,0,0,0,0,0,0,0,0,0,0,0,0,0,0,0,0,0,0,0,0,0,0,1,9,10,0,0,12,145,78,0,8,21,0,0,23,26
74378,0,1,7,2,160,159,0,0,0,0,0,1,0,0,0,0,0,0,0,0,0,0,7,7,0,0,0,0,10,0,0,201,164,75,1,0,0,0,0,2,2
25648,0,1,7,2,78,289,0,0,0,0,0,1,0,0,0,0,0,0,0,0,0,0,3,3,0,0,0,0,10,0,0,9,171,78,0,10,3,0,0,0,0
147583,0,1,7,0,0,0,0,0,0,0,0,0,0,0,0,0,0,0,0,0,0,0,0,1,0,0,1,9,10,0,40,6,22,78,0,13,14,0,0,26,28
145090,0,2,10,2,24,46,0,0,0,0,0,0,0,0,0,0,0,0,0,0,0,0,0,0,0,0,0,0,10,0,0,201,165,76,1,0,0,0,0,0,0
345997,0,1,7,0,0,0,0,0,0,0,0,0,0,0,0,0,0,0,0,0,0,0,0,0,0,0,1,9,10,0,0,19,171,78,0,5,8,0,0,26,18
26200,0,1,7,2,68,357,0,0,0,0,0,1,0,0,0,0,0,0,0,0,0,0,10,16,0,0,0,0,10,0,24,201,171,78,0,0,0,0,0,0,0
3433,0,1,7,2,158,581,0,0,0,0,0,1,0,0,0,0,0,0,0,0,0,0,3,3,0,0,0,0,10,0,0,3,171,78,0,22,5,0,0,0,0
25620,0,1,7,2,52,525,0,0,0,0,0,1,0,0,0,0,0,0,0,0,0,0,5,5,0,0,0,0,10,0,0,201,171,78,0,0,0,0,0,0,0
481813,58,2,9,2,29,26,0,0,0,0,0,0,0,0,0,0,0,0,0,0,0,0,3,1,0,0,0,0,5,6,0,201,1,1,33,52,0,0,0,0,0
29595,0,1,7,2,164,166,0,0,0,0,0,1,0,0,0,0,0,0,0,0,0,0,6,16,0,0,0,0,10,0,12,7,171,78,0,12,1,0,0,0,0
149467,0,1,7,0,0,0,0,0,0,0,0,0,0,0,0,0,0,0,0,0,0,0,0,1,0,0,1,9,10,0,40,166,101,62,1,1,0,0,0,19,28
458200,57,2,9,2,29,26,0,0,0,0,0,0,0,0,0,0,0,0,0,0,0,0,0,0,0,0,0,0,10,0,0,201,0,0,49,60,0,0,0,0,0
104611,0,1,7,2,89,268,0,0,0,0,0,1,0,0,0,0,0,0,0,0,0,0,10,10,0,0,0,0,10,0,0,54,171,78,0,2,2,0,0,0,0
84353,0,1,7,2,165,106,0,0,0,0,0,1,0,0,0,0,0,0,0,0,0,0,7,7,0,0,0,0,10,0,0,201,171,78,0,0,0,0,0,0,0
453382,0,2,10,2,24,45,0,0,0,0,0,0,0,0,0,0,0,0,0,0,0,0,1,0,0,0,0,0,5,9,0,201,147,69,1,0,0,0,0,0,0
40736,0,1,7,2,120,366,0,0,0,0,0,1,0,0,0,0,0,0,0,0,0,0,0,0,0,0,0,0,10,0,0,201,162,74,2,0,0,0,0,1,1
27400,0,1,7,2,75,515,0,0,0,0,0,1,0,0,0,0,0,0,0,0,0,0,3,3,0,0,0,0,10,0,0,3,66,78,0,22,4,0,0,0,0
371723,0,2,1,2,10,23,0,0,0,0,0,0,0,0,0,0,0,0,0,0,0,0,0,0,0,0,0,0,10,0,0,50,64,39,4,32,2,8,0,12,0
37590,0,1,7,2,150,379,0,0,0,0,0,1,0,0,0,0,0,0,0,0,0,0,1,1,0,0,0,0,10,0,0,89,171,78,0,1,3,0,1,0,0
147318,0,1,7,2,159,140,0,0,0,0,0,1,0,0,0,0,0,0,0,0,0,0,0,0,0,0,0,0,10,0,0,1,130,78,0,31,20,0,0,16,28
149351,0,1,4,2,2,41,0,0,0,0,0,0,0,0,0,0,0,0,0,0,0,0,0,0,0,0,0,0,10,0,0,54,5,2,5,2,28,0,0,0,0
40814,0,1,7,2,160,296,0,0,0,0,0,1,0,0,0,0,0,0,0,0,0,0,4,4,0,0,0,0,10,0,0,201,162,74,1,0,0,0,0,0,0
454493,59,2,9,2,28,26,0,0,0,0,0,0,0,0,0,0,0,0,0,0,0,0,4,1,0,0,0,0,4,7,0,201,1,1,49,60,0,0,0,0,0
347298,0,2,10,2,24,45,0,0,0,0,0,0,0,0,0,0,0,0,0,0,0,0,1,1,0,0,0,0,10,0,0,201,155,72,1,1,0,0,0,0,0
91087,1,2,1,2,16,7,0,0,0,0,0,0,0,0,0,0,0,0,0,0,0,0,0,0,0,0,0,0,10,0,0,201,158,73,1,0,0,0,0,0,0
21407,0,1,7,2,127,566,0,0,0,0,0,1,0,0,0,0,0,0,0,0,0,0,0,0,0,0,0,0,10,0,0,201,171,78,0,0,0,0,0,0,0
343704,47,2,9,2,28,26,0,0,0,0,0,0,0,0,0,0,0,0,0,0,0,0,1,1,0,0,0,0,10,0,0,201,1,1,20,36,0,0,0,0,0
105287,0,1,7,2,92,68,0,0,0,0,0,1,0,0,0,0,0,0,0,0,0,0,1,29,0,0,0,0,10,0,17,65,171,78,0,1,1,0,0,0,0
137572,0,1,7,2,33,538,0,0,0,0,0,1,0,0,0,0,0,0,0,0,0,0,2,2,0,0,0,0,10,0,0,2,171,78,0,27,5,0,0,0,0
27262,0,2,1,2,16,31,0,0,0,0,0,0,0,0,0,0,0,0,0,0,0,0,50,58,0,0,0,0,9,2,0,201,165,76,1,0,0,0,0,0,0
81478,0,1,7,2,66,509,0,0,0,0,0,1,0,0,0,0,0,0,0,0,0,0,4,4,0,0,0,0,10,0,0,4,171,78,0,19,1,0,0,0,0
14654,0,1,7,2,130,197,0,0,0,0,0,1,0,0,0,0,0,0,0,0,0,0,12,12,0,0,0,0,10,0,0,40,171,78,0,2,2,0,0,0,0
458363,0,2,9,2,29,0,0,0,0,0,0,0,0,0,0,0,0,0,0,0,0,0,0,0,0,0,0,0,10,0,0,201,0,0,24,49,0,0,0,0,0
18765,0,1,7,2,84,302,0,0,0,0,0,1,0,0,0,0,0,0,0,0,0,0,10,31,0,0,0,0,10,0,6,201,171,78,0,0,0,0,0,0,0
40970,0,2,1,2,19,34,0,0,0,0,0,0,0,0,0,0,0,0,0,0,0,0,47,67,0,0,0,0,10,0,1,89,49,47,2,1,0,0,0,0,0
90204,0,1,7,2,83,529,0,0,0,0,0,1,0,0,0,0,0,0,0,0,0,0,40,47,0,0,0,0,10,0,4,192,171,78,0,0,1,0,0,0,0
442,0,1,7,2,159,241,0,0,0,0,0,1,0,0,0,0,0,0,0,0,0,0,11,11,0,0,0,0,10,0,0,201,171,78,0,0,0,0,0,0,0
343063,0,0,14,2,47,0,0,0,0,0,0,0,0,0,0,0,0,0,0,0,0,0,5,3,0,0,0,0,6,6,0,201,9,5,1,6,0,0,0,0,0
453451,13,2,10,2,24,45,0,0,0,0,0,0,0,0,0,0,0,0,0,0,0,0,1,1,0,0,0,0,10,0,0,201,146,68,1,1,0,0,0,0,0
453564,0,0,2,2,7,0,0,0,0,0,0,0,0,0,0,0,0,0,0,0,0,0,1,0,0,0,0,0,5,9,0,201,4,2,1,9,0,0,0,0,0
21543,0,1,7,2,113,374,0,0,0,0,0,1,0,0,0,0,0,0,0,0,0,0,2,2,0,0,0,0,10,0,0,51,171,78,0,2,3,0,0,0,0
85305,0,1,7,2,132,523,0,0,0,0,0,1,0,0,0,0,0,0,0,0,0,0,3,3,0,0,0,0,10,0,0,201,171,78,0,0,0,0,0,0,0
79608,0,1,7,2,81,254,0,0,0,0,0,1,0,0,0,0,0,0,0,0,0,0,12,54,0,0,0,0,10,0,12,13,171,78,0,7,4,0,0,0,0
19587,0,1,11,2,257,98,0,0,0,0,0,1,0,0,0,0,0,0,0,0,0,0,0,1,0,0,0,0,10,0,40,61,118,47,6,2,2,0,0,0,0
458479,0,1,6,2,222,0,0,0,0,0,0,1,0,0,0,0,0,0,0,0,0,0,1,1,0,0,0,0,10,0,0,110,26,7,5,7,6,0,0,0,0
75765,0,2,1,2,16,7,0,0,0,0,0,0,0,0,0,0,0,0,0,0,0,0,2,3,0,0,0,0,10,0,33,201,171,78,0,1,0,0,0,0,0
35088,0,1,7,2,97,86,0,0,0,0,0,1,0,0,0,0,0,0,0,0,0,0,42,49,0,0,0,0,10,0,4,201,171,78,0,0,0,0,0,0,0
78104,3,1,11,2,277,96,0,0,0,0,0,1,0,0,0,0,0,0,0,0,0,0,0,2,0,0,0,0,10,0,40,65,46,68,3,1,0,0,0,0,0
138079,0,1,7,2,67,75,0,0,0,0,0,1,0,0,0,0,0,0,0,0,0,0,12,13,0,0,0,0,10,0,14,154,171,78,0,1,2,0,0,0,0
459445,0,1,7,2,32,230,0,0,0,0,0,1,0,0,0,0,0,0,0,0,0,0,5,5,0,0,0,0,10,0,0,82,171,78,0,1,2,0,0,0,0
481521,0,2,10,2,24,46,0,0,0,0,0,0,0,0,0,0,0,0,0,0,0,0,0,0,0,0,0,0,10,0,0,201,157,73,1,0,0,0,0,0,0
39374,0,1,7,0,0,0,0,0,0,0,0,0,0,0,0,0,0,0,0,0,0,0,0,1,0,0,1,9,10,0,40,0,30,78,0,60,26,0,0,26,28
33820,0,1,7,2,175,175,0,0,0,0,0,1,0,0,0,0,0,0,0,0,0,0,22,25,0,0,0,0,10,0,12,54,171,78,0,2,4,0,0,0,0
136890,0,2,1,2,8,12,0,0,0,0,0,0,0,0,0,0,0,0,0,0,0,0,2,4,0,0,0,0,10,0,32,180,131,76,1,1,0,0,0,0,0
82378,0,1,7,2,38,533,0,0,0,0,0,1,0,0,0,0,0,0,0,0,0,0,0,0,0,0,0,0,10,0,0,201,171,78,0,0,0,0,0,0,0
79764,0,1,7,2,151,216,0,0,0,0,0,1,0,0,0,0,0,0,0,0,0,0,10,13,0,0,0,0,10,0,21,201,171,78,0,0,0,1,1,0,0
80617,0,1,7,2,48,567,0,0,0,0,0,1,0,0,0,0,0,0,0,0,0,0,0,1,0,0,0,0,10,0,40,148,171,78,0,1,1,1,0,0,0
146916,0,1,11,2,220,98,0,0,0,0,0,1,0,0,0,0,0,0,0,0,0,0,0,0,0,0,0,0,10,0,0,138,97,45,3,1,1,0,0,0,0
343701,0,2,9,2,28,0,0,0,0,0,0,0,0,0,0,0,0,0,0,0,0,0,0,0,0,0,0,0,10,0,0,201,0,0,22,36,0,0,0,0,0
457076,5,2,10,2,24,46,0,0,0,0,0,0,0,0,0,0,0,0,0,0,0,0,1,1,0,0,0,0,10,0,0,201,149,69,1,1,0,0,0,0,0
31774,2,1,11,2,229,102,0,0,0,0,0,1,0,0,0,0,0,0,0,0,0,0,0,1,0,0,0,0,10,0,40,125,97,54,2,1,1,0,0,0,0
28844,0,1,7,2,57,551,0,0,0,0,0,1,0,0,0,0,0,0,0,0,0,0,5,7,0,0,0,0,10,0,31,11,171,78,0,8,2,0,0,0,0
493658,0,1,7,2,88,388,0,0,0,0,0,1,0,0,0,0,0,0,0,0,0,0,19,19,0,0,0,0,10,0,0,127,171,78,0,1,5,1,1,0,0
7112,0,1,7,2,166,288,0,0,0,0,0,1,0,0,0,0,0,0,0,0,0,0,26,26,0,0,0,0,10,0,0,56,171,78,0,2,2,0,0,0,0
33960,0,1,7,2,35,569,0,0,0,0,0,1,0,0,0,0,0,0,0,0,0,0,17,17,0,0,0,0,10,0,0,201,171,78,0,0,0,0,0,0,0
454354,63,2,9,2,28,26,0,0,0,0,0,0,0,0,0,0,0,0,0,0,0,0,4,0,0,0,0,0,1,7,0,201,1,1,37,60,0,0,0,0,0
147894,0,2,1,2,16,7,0,0,0,0,0,0,0,0,0,0,0,0,0,0,0,0,10,17,0,0,0,0,10,0,17,201,158,73,1,0,0,0,0,0,0
18000,0,1,7,2,196,279,0,0,0,0,0,1,0,0,0,0,0,0,0,0,0,0,11,11,0,0,0,0,10,0,0,201,171,78,0,0,0,0,0,0,0
108116,0,1,6,2,315,0,0,0,0,0,0,0,0,0,0,0,0,0,0,0,0,0,0,0,0,0,0,0,10,0,0,65,2,4,4,4,0,0,0,0,0
481306,1,2,10,2,24,46,0,0,0,0,0,0,0,0,0,0,0,0,0,0,0,0,1,1,0,0,0,0,10,0,0,201,137,64,1,1,0,0,0,0,0
26468,0,1,7,2,61,340,0,0,0,0,0,1,0,0,0,0,0,0,0,0,0,0,27,27,0,0,0,0,10,0,0,201,171,78,0,0,0,0,0,0,0
107302,21,1,7,2,199,489,0,0,0,0,0,1,0,0,0,0,0,0,0,0,0,0,1,1,0,0,0,0,10,0,0,15,171,78,0,6,4,0,0,0,1
345125,0,2,10,2,24,44,0,0,0,0,0,0,0,0,0,0,0,0,0,0,0,0,3,0,0,0,0,0,2,6,0,201,163,75,1,0,0,0,0,0,0
11785,0,1,11,2,284,98,0,0,0,0,0,1,0,0,0,0,1,0,0,0,0,0,0,0,0,0,0,0,10,0,0,147,119,54,2,1,1,0,0,0,0
19966,0,1,7,2,89,546,0,0,0,0,0,1,0,0,0,0,0,0,0,0,0,0,1,1,0,0,0,0,10,0,0,8,171,78,0,11,4,0,0,0,0
456513,0,2,10,2,24,46,0,0,0,0,0,0,0,0,0,0,0,0,0,0,0,0,0,0,0,0,0,0,10,0,0,201,152,71,1,0,0,0,0,0,0
106830,0,1,7,2,174,452,0,0,0,0,0,1,0,0,0,0,0,0,0,0,0,0,22,26,0,0,0,0,10,0,19,45,171,78,0,2,7,0,1,0,0
456584,9,2,10,2,24,46,0,0,0,0,0,0,0,0,0,0,0,0,0,0,0,0,1,1,0,0,0,0,10,0,0,201,154,71,1,1,0,0,0,0,0
25420,0,1,7,2,57,483,0,0,0,0,0,1,0,0,0,0,0,0,0,0,0,0,0,4,0,0,0,0,10,0,32,0,171,78,0,60,5,0,0,0,0
371650,0,2,10,2,24,0,0,0,0,0,0,0,0,0,0,0,0,0,0,0,0,0,0,0,0,0,0,0,10,0,0,201,157,73,1,0,0,0,0,0,0
91286,0,1,6,2,303,0,0,0,0,0,0,1,0,0,0,0,0,0,0,0,0,0,0,0,0,0,0,0,10,0,0,32,32,14,9,14,5,0,0,0,0
451751,0,2,1,2,10,0,0,0,0,0,0,0,0,0,0,0,0,0,0,0,0,0,0,1,0,0,0,0,10,0,40,121,16,15,5,15,0,0,0,1,0
36624,0,1,7,2,171,77,0,0,0,0,0,1,0,0,0,0,0,0,0,0,0,0,5,5,0,0,0,0,10,0,0,201,171,78,0,0,0,0,0,0,0
485042,0,2,1,2,19,29,0,0,0,0,0,0,0,0,0,0,0,0,0,0,0,0,5,5,0,0,0,0,10,0,0,201,169,77,1,0,0,0,0,0,0
38148,0,1,7,2,171,552,0,0,0,0,0,1,0,0,0,0,0,0,0,0,0,0,19,19,0,0,0,0,10,0,0,201,171,78,0,0,0,0,0,0,0
149429,0,1,6,2,268,0,0,0,0,0,0,1,0,0,0,0,0,0,0,0,0,0,13,13,0,0,0,0,10,0,0,23,75,61,8,43,2,0,0,0,0
347877,0,2,1,2,17,40,0,0,0,0,0,0,0,0,0,0,0,0,0,0,0,0,5,13,0,0,0,0,10,0,14,201,168,77,1,0,0,0,0,0,0
146676,56,2,9,2,29,26,0,0,0,0,0,0,0,0,0,0,0,0,0,0,0,0,0,0,0,0,0,0,10,0,0,201,0,0,53,59,0,0,0,0,0
105129,0,1,7,2,96,54,0,0,0,0,0,1,0,0,0,0,0,0,0,0,0,0,0,10,0,0,0,0,10,0,18,26,171,78,0,4,4,4,1,0,1
85222,0,1,7,2,31,48,0,0,0,0,0,1,0,0,0,0,0,0,0,0,0,0,0,1,0,0,0,0,10,0,40,0,171,78,0,60,2,0,0,0,0
14356,0,1,7,2,107,387,0,0,0,0,0,1,0,0,0,0,0,0,0,0,0,0,21,22,0,0,0,0,10,0,9,50,171,78,0,2,2,0,0,0,0
89614,0,1,7,2,61,167,0,0,0,0,0,1,0,0,0,0,0,0,0,0,0,0,0,1,0,0,0,0,10,0,40,0,171,78,0,60,2,0,0,0,0
456824,0,2,10,2,24,46,0,0,0,0,0,0,0,0,0,0,0,0,0,0,0,0,0,0,0,0,0,0,10,0,0,201,150,70,1,0,0,0,0,0,0
491098,0,2,10,2,24,46,0,0,0,0,0,0,0,0,0,0,0,0,0,0,0,0,0,0,0,0,0,0,10,0,0,201,154,71,1,0,0,0,0,0,0
26278,0,1,7,2,78,428,0,0,0,0,0,1,0,0,0,0,0,0,0,0,0,0,9,9,0,0,0,0,10,0,0,29,171,78,0,3,4,0,0,0,0
452971,0,2,10,2,24,45,0,0,0,0,0,0,0,0,0,0,0,0,0,0,0,0,2,0,0,0,0,0,3,8,0,201,139,65,1,0,0,0,0,0,0
89445,0,1,7,2,102,83,0,0,0,0,0,1,0,0,0,0,0,0,0,0,0,0,1,1,0,0,0,0,10,0,0,201,171,78,0,0,0,0,0,0,0
481275,15,2,10,2,24,46,0,0,0,0,0,0,0,0,0,0,0,0,0,0,0,0,1,1,0,0,0,0,10,0,0,201,140,66,1,1,0,0,0,0,0
491514,0,2,9,2,29,0,0,0,0,0,0,0,0,0,0,0,0,0,0,0,0,0,0,0,0,0,0,0,10,0,0,201,0,0,19,41,0,0,0,0,0
23613,0,1,7,2,95,301,0,0,0,0,0,1,0,0,0,0,0,0,0,0,0,0,18,18,0,0,0,0,10,0,0,201,171,78,0,0,0,0,0,0,0
20810,0,1,7,2,157,526,0,0,0,0,0,1,0,0,0,0,0,0,0,0,0,0,12,12,0,0,0,0,10,0,0,85,171,78,0,1,4,0,0,0,0
2815,0,1,7,2,87,64,0,0,0,0,0,1,0,0,0,0,0,0,0,0,0,0,25,25,0,0,0,0,10,0,0,201,171,78,0,0,0,0,0,0,0
76334,0,1,7,2,158,393,0,0,0,0,0,1,0,0,0,0,0,0,0,0,0,0,4,4,0,0,0,0,10,0,0,98,64,64,5,1,0,6,0,0,0
138147,0,1,7,2,105,468,0,0,0,0,0,1,0,0,0,0,0,0,0,0,0,0,0,1,0,0,0,0,10,0,40,9,171,78,0,10,1,0,1,0,0
21839,0,1,7,2,66,333,0,0,0,0,0,1,0,0,0,0,0,0,0,0,0,0,12,12,0,0,0,0,10,0,0,200,171,78,0,0,1,0,0,0,0
6557,0,1,7,2,111,521,0,0,0,0,0,1,0,0,0,0,0,0,0,0,0,0,1,21,0,0,0,0,10,0,9,4,171,78,0,19,7,0,0,0,0
452271,3,1,11,2,233,108,0,0,0,0,0,1,0,0,0,0,0,0,0,0,0,0,0,0,0,0,0,0,10,0,0,54,116,28,7,2,1,0,0,0,0
168,0,1,7,2,95,328,0,0,0,0,0,1,0,0,0,0,0,0,0,0,0,0,12,12,0,0,0,0,10,0,0,170,171,78,0,1,1,0,0,0,0
493703,0,1,7,2,87,462,0,0,0,0,0,1,0,0,0,0,0,0,0,0,0,0,4,4,0,0,0,0,10,0,0,188,171,78,0,0,1,0,0,0,0
33149,0,1,7,2,65,407,0,0,0,0,0,1,0,0,0,0,0,0,0,0,0,0,18,18,0,0,0,0,10,0,0,201,171,78,0,0,0,0,0,0,0
23058,0,1,7,2,69,293,0,0,0,0,0,1,0,0,0,0,0,0,0,0,0,0,9,18,0,0,0,0,10,0,16,178,171,78,0,0,1,0,0,0,0
454825,0,2,9,2,28,0,0,0,0,0,0,0,0,0,0,0,0,0,0,0,0,0,2,0,0,0,0,0,3,8,0,201,0,0,51,60,0,0,0,0,0
20884,0,1,7,2,90,298,0,0,0,0,0,1,0,0,0,0,0,0,0,0,0,0,18,18,0,0,0,0,10,0,0,201,171,78,0,0,0,0,0,0,0
26079,0,1,7,2,80,372,0,0,0,0,0,1,0,0,0,0,0,0,0,0,0,0,3,3,0,0,0,0,10,0,0,201,171,78,0,0,0,0,0,0,0
20786,0,1,7,2,100,91,0,0,0,0,0,1,0,0,0,0,0,0,0,0,0,0,1,1,0,0,0,0,10,0,0,201,171,78,0,0,0,0,0,0,0
89735,0,1,7,2,67,247,0,0,0,0,0,1,0,0,0,0,0,0,0,0,0,0,13,39,0,0,0,0,10,0,7,201,171,78,0,0,0,0,0,0,0
76000,0,2,1,2,18,9,0,0,0,0,0,0,0,0,0,0,0,0,0,0,0,0,8,15,0,0,0,0,10,0,19,201,171,78,0,0,0,0,0,0,0
88854,0,1,7,2,152,131,0,0,0,0,0,1,0,0,0,0,0,0,0,0,0,0,22,22,0,0,0,0,10,0,0,84,171,78,0,1,1,0,0,2,1
80130,0,1,7,2,65,389,0,0,0,0,0,1,0,0,0,0,0,0,0,0,0,0,5,5,0,0,0,0,10,0,0,5,171,78,0,16,4,0,0,0,0
345806,0,1,7,0,0,0,0,0,0,0,0,0,0,0,0,0,0,0,0,0,0,0,0,0,0,0,1,9,10,0,0,4,4,78,0,19,0,0,0,26,28
6119,0,1,7,2,213,455,0,0,0,0,0,1,0,0,0,0,0,0,0,0,0,0,0,0,0,0,0,0,10,0,0,201,171,78,0,0,0,0,0,0,0
32824,0,1,7,2,141,148,0,0,0,0,0,1,0,0,0,0,0,0,0,0,0,0,33,38,0,0,0,0,10,0,8,201,171,78,0,0,0,0,0,0,0
486455,0,1,7,2,73,206,0,0,0,0,0,1,0,0,0,0,0,0,0,0,0,0,6,39,0,1,0,1,10,0,12,72,171,78,0,1,2,0,0,0,0
34399,0,1,7,2,154,467,0,0,0,0,0,1,0,0,0,0,0,0,0,0,0,0,20,20,0,0,0,0,10,0,0,44,171,78,0,2,3,0,0,0,0
482079,49,2,9,2,29,26,0,0,0,0,0,0,0,0,0,0,0,0,0,0,0,0,5,1,0,0,0,0,3,6,0,201,1,1,44,60,0,0,0,0,0
493535,0,1,7,2,173,173,0,0,0,0,0,1,0,0,0,0,0,0,0,0,0,0,19,24,0,0,0,0,10,0,12,201,171,78,0,0,0,0,0,0,0
107088,0,1,7,2,112,351,0,0,0,0,0,1,0,0,0,0,0,0,0,0,0,0,4,4,0,0,0,0,10,0,0,164,171,78,0,1,1,0,0,1,0
81824,0,1,7,2,157,371,0,0,0,0,0,1,0,0,0,0,0,0,0,0,0,0,19,19,0,0,0,0,10,0,0,157,171,78,0,1,1,0,0,0,0
84809,0,1,7,2,60,528,0,0,0,0,0,1,0,0,0,0,0,0,0,0,0,0,1,1,0,0,0,0,10,0,0,201,171,78,0,0,0,0,0,0,0
11550,0,2,1,2,20,19,0,0,0,0,0,0,0,0,0,0,0,0,0,0,0,0,49,57,0,0,0,0,10,0,0,201,167,76,1,0,0,0,0,0,0
33504,0,1,7,2,98,391,0,0,0,0,0,1,0,0,0,0,0,0,0,0,0,0,16,41,0,0,0,0,10,0,7,92,171,78,0,1,1,0,0,0,0
456786,13,2,10,2,24,46,0,0,0,0,0,0,0,0,0,0,0,0,0,0,0,0,1,1,0,0,0,0,10,0,0,201,155,72,1,1,0,0,0,0,0
343506,0,2,10,2,24,45,0,0,0,0,0,0,0,0,0,0,0,0,0,0,0,0,0,0,0,0,0,0,10,0,0,201,161,74,1,1,0,0,0,0,0
148615,0,2,9,2,28,0,0,0,0,0,0,0,0,0,0,0,0,0,0,0,0,0,0,0,0,0,0,0,10,0,0,155,0,1,10,11,0,0,0,0,0
13561,0,1,7,2,85,505,0,0,0,0,0,1,0,0,0,0,0,0,0,0,0,0,12,14,0,0,0,0,10,0,13,201,171,78,0,0,0,0,0,0,0
145208,0,2,10,2,24,46,0,0,0,0,0,0,0,0,0,0,0,0,0,0,0,0,0,0,0,0,0,0,10,0,0,201,169,77,1,1,0,0,0,0,0
40842,0,1,7,2,115,480,0,0,0,0,0,1,0,0,0,0,0,0,0,0,0,0,1,1,0,0,0,0,10,0,0,201,159,73,1,0,0,0,0,0,0
14237,0,1,7,2,175,177,0,0,0,0,0,1,0,0,0,0,0,0,0,0,0,0,22,22,0,0,0,0,10,0,0,201,171,78,0,0,0,0,0,0,0
77464,0,1,7,2,146,328,0,0,0,0,0,1,0,0,0,0,0,0,0,0,0,0,5,5,0,0,0,0,10,0,0,82,171,78,0,1,2,0,0,0,0
138935,0,1,7,2,96,472,0,0,0,0,0,1,0,0,0,0,0,0,0,0,0,0,11,15,0,0,0,0,10,0,12,150,171,78,0,1,4,0,0,1,1
84751,0,1,7,2,168,130,0,0,0,0,0,1,0,0,0,0,0,0,0,0,0,0,16,16,0,0,0,0,10,0,0,201,171,78,0,0,0,0,0,0,0
29250,0,1,7,2,69,201,0,0,0,0,0,1,0,0,0,0,0,0,0,0,0,0,1,1,0,0,0,0,10,0,0,175,171,78,0,0,1,0,0,0,0
484667,0,1,7,2,84,300,0,0,0,0,0,1,0,0,0,0,0,0,0,0,0,0,6,6,0,0,0,0,10,0,0,6,171,78,0,13,1,0,0,0,0
452960,0,2,10,2,24,45,0,0,0,0,0,0,0,0,0,0,0,0,0,0,0,0,0,0,0,0,0,0,10,0,0,201,149,69,1,1,0,0,0,0,0
484132,0,1,7,2,74,524,0,0,0,0,0,1,0,0,0,0,0,0,0,0,0,0,0,0,0,0,0,0,10,0,0,182,171,78,0,0,1,0,0,3,3
86843,0,2,1,2,19,43,0,0,0,0,0,0,0,0,0,0,0,0,0,0,0,0,28,61,0,0,0,0,10,0,2,201,171,78,0,0,0,0,0,0,0
139124,0,1,7,2,109,154,0,0,0,0,0,1,0,0,0,0,0,0,0,0,0,0,39,45,0,0,0,0,10,0,0,142,171,78,0,1,2,0,0,0,0
34550,0,1,7,2,173,392,0,0,0,0,0,1,0,0,0,0,0,0,0,0,0,0,12,12,0,0,0,0,10,0,0,201,171,78,0,0,0,0,0,0,0
345893,30,1,7,2,113,54,0,0,0,0,0,1,0,0,0,0,0,0,0,0,0,0,0,24,0,0,0,0,10,0,20,1,171,78,0,31,16,0,0,0,25
29836,0,1,7,2,201,132,0,0,0,0,0,1,0,0,0,0,0,0,0,0,0,0,3,3,0,0,0,0,10,0,0,201,171,78,0,0,0,0,0,0,0
105192,0,1,7,2,168,404,0,0,0,0,0,1,0,0,0,0,0,0,0,0,0,0,20,22,0,0,0,0,10,0,13,201,171,78,0,0,0,0,0,0,0
143874,0,1,7,0,0,0,0,0,0,0,0,0,0,0,0,0,0,0,0,0,0,0,0,0,0,0,1,9,10,0,0,0,169,78,0,60,23,0,0,26,20
12949,0,1,7,2,71,294,0,0,0,0,0,1,0,0,0,0,0,0,0,0,0,0,48,56,0,0,0,0,10,0,6,201,171,78,0,0,0,0,0,0,0
22145,0,1,7,2,70,150,0,0,0,0,0,1,0,0,0,0,0,0,0,0,0,0,4,6,0,0,0,0,10,0,27,101,171,78,0,1,3,0,0,0,0
343074,0,2,10,2,24,45,0,0,0,0,0,0,0,0,0,0,0,0,0,0,0,0,0,0,0,0,0,0,10,0,0,201,161,74,1,0,0,0,0,0,0
34695,0,1,7,2,102,220,0,0,0,0,0,1,0,0,0,0,0,0,0,0,0,0,12,12,0,0,0,0,10,0,0,12,171,78,0,8,4,0,0,0,0
103975,0,2,1,2,19,32,0,0,0,0,0,0,0,0,0,0,0,0,0,0,0,0,22,24,0,0,0,0,10,0,8,201,171,78,0,0,0,0,0,0,0
22530,0,1,7,2,85,249,0,0,0,0,0,1,0,0,0,0,0,0,0,0,0,0,3,3,0,0,0,0,10,0,0,196,171,78,0,0,2,0,0,0,0
11686,0,1,7,2,167,364,0,0,0,0,0,1,0,0,0,0,0,0,0,0,0,0,5,6,0,0,0,0,10,0,27,55,171,78,0,2,2,0,0,0,0
31467,0,1,7,2,156,231,0,0,0,0,0,1,0,0,0,0,0,0,0,0,0,0,6,6,0,0,0,0,10,0,0,201,171,78,0,0,0,0,0,0,0
396860,23,1,7,2,184,73,0,0,0,0,0,1,0,0,0,0,0,0,0,0,0,0,1,1,0,0,0,0,10,0,0,201,160,74,2,0,0,0,0,0,0
87106,0,1,7,2,152,195,0,0,0,0,0,1,0,0,0,0,0,0,0,0,0,0,1,1,0,0,0,0,10,0,0,1,124,78,0,31,3,0,1,0,0
481569,0,2,10,2,24,46,0,0,0,0,0,0,0,0,0,0,0,0,0,0,0,0,0,0,0,0,0,0,10,0,0,201,162,74,1,0,0,0,0,0,0
90330,0,1,7,2,183,178,0,0,0,0,0,1,0,0,0,0,0,0,0,0,0,0,5,10,0,0,0,0,10,0,26,7,171,78,0,12,3,0,0,0,0
34362,0,1,7,2,159,520,0,0,0,0,0,1,0,0,0,0,0,0,0,0,0,0,0,3,0,0,0,0,10,0,33,18,171,78,0,5,4,0,0,0,0
457210,0,2,10,2,24,0,0,0,0,0,0,0,0,0,0,0,0,0,0,0,0,0,1,1,0,0,0,0,10,0,0,201,157,73,1,1,0,0,0,0,0
482071,66,2,9,2,29,26,0,0,0,0,0,0,0,0,0,0,0,0,0,0,0,0,3,1,0,0,0,0,5,6,0,201,1,1,42,57,0,0,0,0,0
22872,0,2,1,2,18,33,0,0,0,0,0,0,0,0,0,0,0,0,0,0,0,0,45,65,0,0,0,0,10,0,1,197,105,46,2,0,0,0,0,0,0
30445,0,1,7,2,193,269,0,0,0,0,0,1,0,0,0,0,0,0,0,0,0,0,17,17,0,0,0,0,10,0,0,201,171,78,0,0,0,0,0,0,0
31812,22,1,7,2,152,65,0,0,0,0,0,1,0,0,0,0,0,0,0,0,0,0,1,1,0,0,0,0,10,0,0,131,66,44,3,1,0,0,0,0,0
103884,0,2,1,2,17,30,0,0,0,0,0,0,0,0,0,0,0,0,0,0,0,0,35,35,0,0,0,0,10,0,0,201,102,44,1,0,0,0,0,0,0
35797,0,1,7,2,166,393,0,0,0,0,0,1,0,0,0,0,0,0,0,0,0,0,4,35,0,0,0,0,10,0,6,201,145,68,1,0,0,0,0,0,0
12106,0,1,7,2,89,232,0,0,0,0,0,1,0,0,0,0,0,0,0,0,0,0,1,1,0,0,0,0,10,0,0,201,171,78,0,0,0,0,0,0,0
481824,53,2,9,2,29,26,0,0,0,0,0,0,0,0,0,0,0,0,0,0,0,0,0,0,0,0,0,0,10,0,0,201,1,1,35,53,0,0,0,0,0
78268,11,1,11,2,272,102,0,0,0,0,0,1,0,0,0,0,0,0,0,0,0,0,0,0,0,0,0,0,10,0,0,161,82,31,2,1,2,0,0,0,0
456988,5,2,10,2,24,46,0,0,0,0,0,0,0,0,0,0,0,0,0,0,0,0,1,1,0,0,0,0,10,0,0,201,148,69,1,1,0,0,0,0,0
452667,0,1,7,2,45,343,0,0,0,0,0,1,0,0,0,0,0,0,0,0,0,0,6,6,0,0,0,0,10,0,0,201,154,71,1,0,0,0,0,0,0
37552,0,1,7,2,139,274,0,0,0,0,0,1,0,0,0,0,0,0,0,0,0,0,2,3,0,0,0,0,10,0,33,147,171,78,0,1,2,0,0,0,0
11722,0,1,11,2,256,100,0,0,0,0,0,1,0,0,0,0,0,0,0,0,0,0,0,0,0,0,0,0,10,0,0,190,106,51,2,0,0,0,0,0,0
371775,50,2,9,2,28,26,0,0,0,0,0,0,0,0,0,0,0,0,0,0,0,0,3,1,0,0,0,0,5,6,0,201,1,1,23,42,0,0,0,0,0
33702,0,1,7,2,67,286,0,0,0,0,0,1,0,0,0,0,0,0,0,0,0,0,27,27,0,0,0,0,10,0,0,133,171,78,0,1,3,0,0,0,0
4598,0,1,7,2,54,487,0,0,0,0,0,1,0,0,0,0,0,0,0,0,0,0,3,3,0,0,0,0,10,0,0,110,171,78,0,1,1,0,0,0,0
141659,0,2,1,2,8,21,0,0,0,0,0,0,0,0,0,0,0,0,0,0,0,0,0,1,0,0,0,0,10,0,40,50,33,66,4,2,0,0,0,0,0
107106,0,1,7,2,193,221,0,0,0,0,0,1,0,0,0,0,0,0,0,0,0,0,0,0,0,0,0,0,10,0,0,88,171,78,0,1,2,0,0,1,1
137117,0,2,1,2,15,15,0,0,0,0,0,0,0,0,0,0,0,0,0,0,0,0,58,72,0,0,0,0,10,0,0,201,171,78,0,1,0,0,0,0,0
31993,0,1,7,2,175,281,0,0,0,0,0,1,0,0,0,0,0,0,0,0,0,0,6,7,0,0,0,0,10,0,25,132,123,78,0,1,2,0,0,0,0
21513,0,1,7,2,167,517,0,0,0,0,0,1,0,0,0,0,0,0,0,0,0,0,0,1,0,0,0,0,10,0,40,0,171,78,0,60,5,0,0,0,0
483322,0,1,7,2,108,225,0,0,0,0,0,1,0,0,0,0,0,0,0,0,0,0,10,11,0,0,0,0,10,0,17,116,171,78,0,1,2,0,0,2,1
6157,0,1,7,2,176,317,0,0,0,0,0,1,0,0,0,0,0,0,0,0,0,0,9,23,0,0,0,0,10,0,8,201,171,78,0,0,0,0,0,0,0
1869,0,1,7,2,101,421,0,0,0,0,0,1,0,0,0,0,0,0,0,0,0,0,0,21,0,0,0,0,10,0,14,0,171,78,0,60,4,0,0,0,0
74122,0,1,11,2,224,101,0,0,0,0,0,1,0,0,0,0,0,0,0,0,0,0,0,0,0,0,0,0,10,0,0,155,111,49,2,1,1,1,1,2,3
348619,39,2,9,2,28,26,0,0,0,0,0,0,0,0,0,0,0,0,0,0,0,0,0,0,0,0,0,0,10,0,0,201,0,0,51,58,0,0,0,0,0
20195,0,1,7,2,61,233,0,0,0,0,0,1,0,0,0,0,0,0,0,0,0,0,4,5,0,0,0,0,10,0,29,201,171,78,0,0,0,0,0,0,0
33406,0,1,7,2,89,484,0,0,0,0,0,1,0,0,0,0,0,0,0,0,0,0,5,5,0,0,0,0,10,0,0,44,171,78,0,2,2,0,0,0,0
17391,0,1,7,2,73,63,0,0,0,0,0,1,0,0,0,0,0,0,0,0,0,0,11,11,0,0,0,0,10,0,0,173,171,78,0,0,1,0,0,0,0
27234,0,2,1,2,17,37,0,0,0,0,0,0,0,0,0,0,0,0,0,0,0,0,0,0,0,0,0,0,10,0,0,201,115,52,1,0,0,0,0,0,0
146335,31,2,9,2,29,26,0,0,0,0,0,0,0,0,0,0,0,0,0,0,0,0,0,0,0,0,0,0,10,0,0,201,0,0,26,52,0,0,0,0,0
41853,10,1,11,2,296,142,0,0,0,0,0,1,0,0,0,0,0,0,0,0,0,0,0,1,0,0,0,0,10,0,40,179,84,33,2,0,2,0,0,0,0
137784,0,1,7,2,111,420,0,0,0,0,0,1,0,0,0,0,0,0,0,0,0,0,2,6,0,0,0,0,10,0,27,154,171,78,0,1,2,1,0,0,0
36477,0,1,7,2,156,399,0,0,0,0,0,1,0,0,0,0,0,0,0,0,0,0,0,46,0,0,0,0,10,0,6,0,171,78,0,60,2,0,0,0,0
146340,68,2,9,2,29,26,0,0,0,0,0,0,0,0,0,0,0,0,0,0,0,0,0,0,0,0,0,0,10,0,0,201,2,1,28,51,0,0,0,0,0
75149,0,1,7,0,0,0,0,0,0,0,0,0,0,0,0,0,0,0,0,0,0,0,0,7,0,0,1,4,10,0,25,8,113,78,0,11,18,0,0,26,28
39174,0,1,7,2,66,390,0,0,0,0,0,1,0,0,0,0,0,0,0,0,0,0,14,14,0,0,0,0,10,0,0,14,171,78,0,7,7,0,0,0,0
90920,20,1,7,2,153,51,0,0,0,0,0,1,0,0,0,0,0,0,0,0,0,0,26,27,0,0,0,0,10,0,7,201,171,78,0,0,0,0,0,0,0
371839,0,1,6,2,312,0,0,0,0,0,0,1,0,0,0,0,0,0,0,0,0,0,17,17,0,0,0,0,10,0,0,130,68,37,6,32,3,0,0,0,0
143786,0,1,7,0,0,0,0,0,0,0,0,0,0,0,0,0,0,0,0,0,0,0,0,0,0,0,1,9,10,0,0,25,171,78,0,4,15,0,0,25,28
74070,25,1,12,2,188,541,0,0,0,0,0,1,1,0,0,0,0,0,0,0,0,0,0,0,0,0,0,0,10,0,0,201,22,11,6,0,0,10,5,1,8
484430,0,1,7,2,151,437,0,0,0,0,0,1,0,0,0,0,0,0,0,0,0,0,1,1,0,0,0,0,10,0,0,176,171,78,0,0,2,0,0,1,1
481440,0,2,10,2,24,0,0,0,0,0,0,0,0,0,0,0,0,0,0,0,0,0,0,0,0,0,0,0,10,0,0,201,127,58,1,0,0,0,0,0,0
348212,50,2,9,2,28,26,0,0,0,0,0,0,0,0,0,0,0,0,0,0,0,0,0,0,0,0,0,0,10,0,0,201,0,0,43,58,0,0,0,0,0
29494,0,1,7,2,151,385,0,0,0,0,0,1,0,0,0,0,0,0,0,0,0,0,11,13,0,0,0,0,10,0,21,135,171,78,0,1,1,1,0,0,0
15253,0,1,7,2,186,362,0,0,0,0,0,1,0,0,0,0,0,0,0,0,0,0,7,9,0,0,0,0,10,0,20,7,171,78,0,12,5,0,0,0,0
146582,60,2,9,2,29,26,0,0,0,0,0,0,0,0,0,0,0,0,0,0,0,0,1,1,0,0,0,0,10,0,0,201,1,1,41,60,0,0,0,0,0
145018,0,2,10,2,24,46,0,0,0,0,0,0,0,0,0,0,0,0,0,0,0,0,0,0,0,0,0,0,10,0,0,116,83,77,2,1,0,0,0,0,0
3319,0,1,7,2,210,110,0,0,0,0,0,1,0,0,0,0,0,0,0,0,0,0,3,13,0,0,0,0,10,0,14,21,171,78,0,5,2,0,0,0,0
15734,3,1,11,2,321,292,0,0,0,0,0,1,0,0,0,0,0,0,0,0,0,0,0,0,0,0,0,0,10,0,0,126,123,40,2,1,1,0,0,0,0
35602,0,1,11,2,293,101,0,0,0,0,0,1,0,0,0,0,0,0,0,0,0,0,0,0,0,0,0,0,10,0,0,85,109,66,3,1,1,0,0,0,0
31032,0,1,7,2,152,318,0,0,0,0,0,1,0,0,0,0,0,0,0,0,0,0,7,14,0,0,0,0,10,0,13,201,171,78,0,0,0,0,0,0,0
455595,0,1,7,2,150,204,0,0,0,0,0,1,0,0,0,0,0,0,0,0,0,0,3,3,0,0,0,0,10,0,0,33,171,78,0,3,11,0,0,3,15
43002,1,1,11,2,297,106,0,0,0,0,0,1,0,0,0,0,0,0,0,0,0,0,0,1,0,0,0,0,10,0,40,70,122,50,5,1,1,0,0,0,0
7067,0,1,7,2,108,287,0,0,0,0,0,1,0,0,0,0,0,0,0,0,0,0,6,6,0,0,0,0,10,0,0,13,171,78,0,7,3,0,0,0,0
13949,0,1,7,2,114,332,0,0,0,0,0,1,0,0,0,0,0,0,0,0,0,0,10,10,0,0,0,0,10,0,0,77,171,78,0,1,1,0,0,0,0
104067,0,0,3,2,7,0,0,0,0,0,0,0,0,0,0,0,0,0,0,0,0,0,0,0,0,0,0,0,10,0,0,48,37,78,0,60,0,0,0,0,0
106199,0,1,7,2,98,60,0,0,0,0,0,1,0,0,0,0,0,0,0,0,0,0,3,4,3,7,0,0,10,0,32,11,164,78,0,8,3,7,1,0,0
455298,0,1,7,0,0,0,0,0,0,0,0,0,0,0,0,0,0,0,0,0,0,0,0,0,0,0,1,9,10,0,0,3,171,78,0,22,7,0,0,26,28
34463,0,1,7,2,140,564,0,0,0,0,0,1,0,0,0,0,0,0,0,0,0,0,1,39,0,0,0,0,10,0,5,1,122,78,0,31,9,0,1,0,0
347000,0,2,10,2,24,0,0,0,0,0,0,0,0,0,0,0,0,0,0,0,0,0,0,0,0,0,0,0,10,0,0,201,156,72,1,0,0,0,0,0,0
482998,0,1,6,2,282,0,0,0,0,0,0,0,0,0,0,0,0,0,0,0,0,0,4,4,0,0,0,0,10,0,0,100,71,51,5,38,2,0,0,0,0
87038,0,1,6,2,218,0,0,0,0,0,0,0,0,0,0,0,0,0,0,0,0,0,0,0,0,0,0,0,10,0,0,153,51,23,3,25,3,1,0,0,0
36156,0,1,7,2,119,325,0,0,0,0,0,1,0,0,0,0,0,0,0,0,0,0,4,4,0,0,0,0,10,0,0,12,171,78,0,8,4,0,0,0,0
453957,41,2,9,2,28,26,0,0,0,0,0,0,0,0,0,0,0,0,0,0,0,0,3,1,0,0,0,0,5,6,0,79,2,4,40,56,0,0,0,0,0
42360,0,1,6,2,320,0,0,0,0,0,0,1,0,0,0,0,0,0,0,0,0,0,6,6,0,0,0,0,10,0,0,37,62,26,11,28,2,0,0,0,0
848,0,1,7,2,177,545,0,0,0,0,0,1,0,0,0,0,0,0,0,0,0,0,3,3,0,0,0,0,10,0,0,24,44,78,0,4,4,0,0,0,0
347391,0,2,10,2,24,0,0,0,0,0,0,0,0,0,0,0,0,0,0,0,0,0,0,0,0,0,0,0,10,0,0,201,151,70,1,1,0,0,0,0,0
17221,0,1,7,2,157,519,0,0,0,0,0,1,0,0,0,0,0,0,0,0,0,0,4,4,0,0,0,0,10,0,0,145,171,78,0,1,2,0,0,0,0
144100,0,1,11,2,266,100,0,0,0,0,0,1,0,0,0,0,0,0,0,0,0,0,0,0,0,0,0,0,10,0,0,18,85,43,18,5,2,0,0,0,0
491965,0,1,7,2,171,445,0,0,0,0,0,1,0,0,0,0,0,0,0,0,0,0,4,19,0,0,0,3,10,0,25,201,171,78,0,0,0,0,0,0,0
76950,0,1,11,2,25,136,0,0,0,0,0,1,0,0,0,0,0,0,0,0,0,0,0,0,0,0,0,0,10,0,0,106,79,36,5,1,2,0,0,0,0
7155,0,1,7,2,83,583,0,0,0,0,0,1,0,0,0,0,0,0,0,0,0,0,1,1,0,0,0,0,10,0,0,1,171,78,0,31,1,0,0,0,0
137608,0,1,7,2,75,518,0,0,0,0,0,1,0,0,0,0,0,0,0,0,0,0,0,0,0,0,0,0,10,0,0,146,171,78,0,1,1,0,0,1,0
146835,65,2,9,2,29,26,0,0,0,0,0,0,0,0,0,0,0,0,0,0,0,0,0,0,0,0,0,0,10,0,0,201,0,0,51,60,0,0,0,0,0
345250,0,2,10,2,24,44,0,0,0,0,0,0,0,0,0,0,0,0,0,0,0,0,0,0,0,0,0,0,10,0,0,201,161,74,1,0,0,0,0,0,0
26547,0,2,1,2,19,9,0,0,0,0,0,0,0,0,0,0,0,0,0,0,0,0,2,2,0,0,0,0,10,0,0,44,24,51,4,34,0,0,0,0,0
38207,0,1,7,2,78,313,0,0,0,0,0,1,0,0,0,0,0,0,0,0,0,0,17,18,0,0,0,0,10,0,11,41,171,78,0,2,2,0,0,0,0
146881,0,1,11,2,234,97,0,0,0,0,0,1,0,0,0,0,0,0,0,0,0,0,0,0,0,0,0,0,10,0,0,74,32,25,6,1,5,0,0,0,0
4376,17,1,5,2,280,456,0,0,0,2,0,1,0,0,0,0,0,0,0,0,0,1,0,0,0,0,0,0,10,0,0,129,44,28,4,1,0,0,0,0,0
32838,0,1,7,2,138,377,0,0,0,0,0,1,0,0,0,0,0,0,0,0,0,0,32,33,0,0,0,0,10,0,6,201,171,78,0,0,0,0,0,0,0
148960,0,1,7,0,0,0,0,0,0,0,0,0,0,0,0,0,0,0,0,0,0,0,0,0,0,0,1,9,10,0,0,8,159,78,0,11,25,0,0,26,26
486423,0,1,7,2,177,244,0,0,0,0,0,1,0,0,0,0,0,0,0,0,0,0,2,2,0,0,0,0,10,0,0,2,171,78,0,27,2,0,0,0,0
42092,0,0,2,2,7,0,0,0,0,0,0,0,0,0,0,0,0,0,0,0,0,0,0,0,0,0,0,0,10,0,0,55,43,78,0,60,0,0,0,0,0
36446,0,1,7,2,107,508,0,0,0,0,0,1,0,0,0,0,0,0,0,0,0,0,0,0,0,0,0,0,10,0,0,18,171,78,0,5,9,0,0,0,0
137686,0,1,7,2,157,194,0,0,0,0,0,1,0,0,0,0,0,0,0,0,0,0,9,9,0,0,0,0,10,0,0,201,171,78,0,0,0,0,0,0,0
451648,0,2,9,2,27,0,0,0,0,0,0,0,0,0,0,0,0,0,0,0,0,0,0,0,0,0,0,0,10,0,0,201,0,0,52,60,0,0,0,0,0
484439,0,1,7,2,65,499,0,0,0,0,0,1,0,0,0,0,0,0,0,0,0,0,11,14,0,0,0,0,10,0,20,32,171,78,0,3,1,0,0,0,2
106642,0,1,7,2,96,155,0,0,0,0,0,1,0,0,0,0,0,0,0,0,0,0,18,35,0,0,0,0,10,0,6,201,171,78,0,0,0,0,0,0,0
450306,0,2,10,2,24,0,0,0,0,0,0,0,0,0,0,0,0,0,0,0,0,0,1,1,0,0,0,0,10,0,0,201,141,66,1,1,0,0,0,0,0
27852,0,1,7,2,192,510,0,0,0,0,0,1,0,0,0,0,0,0,0,0,0,0,22,22,0,0,0,0,10,0,0,201,171,78,0,0,0,0,0,0,0
12016,0,1,7,2,104,285,0,0,0,0,0,1,0,0,0,0,0,0,0,0,0,0,11,11,0,0,0,0,10,0,0,62,171,78,0,2,1,0,0,0,0
104360,1,1,11,2,261,100,0,0,0,0,0,1,0,0,0,0,0,0,0,0,0,0,0,1,0,0,0,0,10,0,40,137,89,47,5,1,1,1,1,1,0
30021,0,1,7,2,85,336,0,0,0,0,0,1,0,0,0,0,0,0,0,0,0,0,2,12,0,0,0,0,10,0,23,97,171,78,0,1,2,0,0,0,0
86916,0,1,7,2,179,182,0,0,0,0,0,1,0,0,0,0,0,0,0,0,0,0,20,23,0,0,0,0,10,0,17,201,171,78,0,0,0,0,0,0,0
30739,0,1,7,2,55,516,0,0,0,0,0,1,0,0,0,0,0,0,0,0,0,0,5,48,0,0,0,0,10,0,14,5,171,78,0,16,2,0,0,0,0
449948,0,2,10,2,24,44,0,0,0,0,0,0,0,0,0,0,0,0,0,0,0,0,0,0,0,0,0,0,10,0,0,201,145,68,1,0,0,0,0,0,0
21949,0,1,6,2,6,0,0,0,0,0,0,1,0,0,0,0,0,0,0,0,0,0,0,0,0,0,0,0,10,0,0,164,36,21,3,23,0,0,0,0,0
53165,0,1,7,0,0,0,0,0,0,0,0,0,0,0,0,0,0,0,0,0,0,0,0,0,0,0,1,9,10,0,0,11,171,78,0,8,23,0,0,26,28
481219,0,2,10,2,24,0,0,0,0,0,0,0,0,0,0,0,0,0,0,0,0,0,0,0,0,0,0,0,10,0,0,201,142,67,1,0,0,0,0,0,0
484500,0,1,7,2,192,246,0,0,0,0,0,1,0,0,0,0,0,0,0,0,0,0,10,26,0,0,0,0,10,0,7,34,171,78,0,3,2,0,0,0,0
484030,0,1,7,2,189,134,0,0,0,0,0,1,0,0,0,0,0,0,0,0,0,0,8,8,0,0,0,0,10,0,0,201,171,78,0,0,0,0,0,0,0
28871,0,1,7,2,100,458,0,0,0,0,0,1,0,0,0,0,0,0,0,0,0,0,0,12,0,0,0,0,10,0,15,0,171,78,0,60,4,0,0,0,0
42273,1,1,11,2,228,101,0,0,0,0,0,1,0,0,0,0,0,0,0,0,0,0,0,0,0,0,0,0,10,0,0,51,103,49,8,2,1,0,0,0,0
12896,0,1,7,2,58,169,0,0,0,0,0,1,0,0,0,0,0,0,0,0,0,0,2,2,0,0,0,0,10,0,0,2,171,78,0,27,3,0,0,0,0
88683,0,1,7,2,56,116,0,0,0,0,0,1,0,0,0,0,0,0,0,0,0,0,1,1,0,0,0,0,10,0,0,201,171,78,0,0,0,0,0,0,0
137657,0,1,7,2,171,535,0,0,0,0,0,1,0,0,0,0,0,0,0,0,0,0,16,17,0,0,0,0,10,0,11,201,171,78,0,0,0,0,0,0,0
76511,0,0,2,2,7,0,0,0,0,0,0,0,0,0,0,0,0,0,0,0,0,0,0,0,0,0,0,0,10,0,0,105,76,78,0,60,0,0,0,0,0
141670,0,2,1,2,11,24,0,0,0,0,0,0,0,0,0,0,0,0,0,0,0,0,0,0,0,0,0,0,10,0,0,144,95,72,1,1,0,0,0,0,0
16466,0,1,7,2,86,352,0,0,0,0,0,1,0,0,0,0,0,0,0,0,0,0,7,9,0,0,0,0,10,0,28,10,171,78,0,9,4,0,0,0,0
346086,0,1,7,0,0,0,0,0,0,0,0,0,0,0,0,0,0,0,0,0,0,0,0,0,0,0,1,9,10,0,0,12,13,78,0,8,19,0,0,26,28
16031,0,1,4,2,5,59,0,0,0,0,0,0,0,0,0,0,0,0,0,0,0,0,0,0,0,0,0,0,10,0,0,49,11,8,8,2,21,0,0,0,0
454925,27,2,9,2,28,26,0,0,0,0,0,0,0,0,0,0,0,0,0,0,0,0,0,0,0,0,0,0,10,0,0,201,2,1,26,52,0,0,0,0,0
31930,0,2,1,2,17,38,0,0,0,0,0,0,0,0,0,0,0,0,0,0,0,0,45,66,0,0,0,0,10,0,1,201,170,78,1,0,0,0,0,0,0
2383,0,1,7,2,68,304,0,0,0,0,0,1,0,0,0,0,0,0,0,0,0,0,12,12,0,0,0,0,10,0,0,201,171,78,0,0,0,0,0,0,0
486535,0,1,7,2,65,396,0,0,0,0,0,1,0,0,0,0,0,0,0,0,0,0,2,2,0,0,0,0,10,0,0,11,171,78,0,8,2,0,0,0,0
14338,0,1,7,2,103,511,0,0,0,0,0,1,0,0,0,0,0,0,0,0,0,0,5,5,0,0,0,0,10,0,0,201,171,78,0,0,0,0,0,0,0
139090,0,1,7,2,177,146,0,0,0,0,0,1,0,0,0,0,0,0,0,0,0,0,1,1,0,0,0,0,10,0,0,201,171,78,0,0,0,0,0,0,0
83368,0,1,11,2,298,105,0,0,0,0,0,1,0,0,0,0,0,0,0,0,0,0,0,0,0,0,0,0,10,0,0,184,106,43,3,0,1,0,0,0,0
21158,0,1,7,2,177,443,0,0,0,0,0,1,0,0,0,0,0,0,0,0,0,0,17,18,0,0,0,0,10,0,11,53,171,78,0,2,5,0,0,0,0
84333,0,1,7,2,58,488,0,0,0,0,0,1,0,0,0,0,0,0,0,0,0,0,8,8,0,0,0,0,10,0,0,201,171,78,0,0,0,0,0,0,0
86069,3,1,11,2,255,98,0,0,0,0,0,1,0,0,0,0,0,0,0,0,0,0,0,0,0,0,0,0,10,0,0,3,3,78,0,22,0,0,0,0,0
16309,0,1,7,2,181,406,0,0,0,0,0,1,0,0,0,0,0,0,0,0,0,0,10,10,0,0,0,0,10,0,0,201,171,78,0,0,0,0,0,0,0
140253,2,1,11,2,243,106,0,0,0,0,0,1,0,0,0,0,0,0,0,0,0,0,0,0,0,0,0,0,10,0,0,166,109,45,7,1,1,1,0,0,0
88872,0,1,7,2,182,131,0,0,0,0,0,1,0,0,0,0,0,0,0,0,0,0,22,22,0,0,0,0,10,0,0,201,171,78,0,0,0,0,0,1,1
345501,0,1,6,2,322,0,0,0,0,0,0,1,0,0,0,0,0,0,0,0,0,0,3,3,0,0,0,0,10,0,0,201,13,6,25,6,0,0,0,0,0
33189,0,1,7,2,179,174,0,0,0,0,0,1,0,0,0,0,0,0,0,0,0,0,0,0,0,0,0,0,10,0,0,197,171,78,0,0,1,0,0,0,0
345189,0,2,10,2,24,44,0,0,0,0,0,0,0,0,0,0,0,0,0,0,0,0,1,1,0,0,0,0,10,0,0,201,155,72,1,1,0,0,0,0,0
82542,2,1,11,2,314,120,0,0,0,0,0,1,0,0,0,0,0,0,0,0,0,0,0,1,0,0,0,0,10,0,40,35,112,59,8,3,2,0,0,0,0
91314,7,1,11,2,295,102,0,0,0,0,0,1,0,0,0,0,0,0,0,0,0,0,1,2,0,0,0,0,10,0,36,79,110,46,5,1,1,0,0,0,0
31465,0,1,7,2,138,235,0,0,0,0,0,1,0,0,0,0,0,0,0,0,0,0,2,3,0,0,0,0,10,0,33,201,171,78,0,0,0,0,0,0,0
22611,0,1,11,2,247,127,0,0,0,0,0,1,0,0,0,0,0,0,0,0,0,0,0,1,0,0,0,0,10,0,40,44,88,38,4,2,1,2,0,0,0
37748,0,1,7,2,76,382,0,0,0,0,0,1,0,0,0,0,0,0,0,0,0,0,6,43,0,0,0,0,10,0,13,107,171,78,0,1,3,0,0,0,0
106177,0,1,7,2,131,198,0,0,0,0,0,1,0,0,0,0,0,0,0,0,0,0,8,8,0,0,0,0,10,0,0,8,171,78,0,11,2,0,1,0,0
26382,0,1,7,2,167,89,0,0,0,0,0,1,0,0,0,0,0,0,0,0,0,0,33,45,0,0,0,0,10,0,9,201,171,78,0,0,0,0,0,0,0
42252,5,1,11,2,244,105,0,0,0,0,0,1,0,0,0,0,0,0,0,0,0,0,0,0,0,0,0,0,10,0,0,95,90,38,6,1,1,0,0,0,0
459041,0,1,7,2,158,133,0,0,0,0,0,1,0,0,0,0,0,0,0,0,0,0,21,21,0,0,0,0,10,0,0,96,171,78,0,1,1,0,0,9,6
28364,0,1,7,2,72,222,0,0,0,0,0,1,0,0,0,0,0,0,0,0,0,0,12,14,0,0,0,0,10,0,13,34,171,78,0,3,4,0,0,0,0
82535,0,1,11,2,287,141,0,0,0,0,0,1,0,0,0,0,0,0,0,0,0,0,0,1,0,0,0,0,10,0,40,117,102,33,3,1,1,0,0,1,0
349199,0,1,7,0,0,0,0,0,0,0,0,0,0,0,0,0,0,0,0,0,0,0,0,0,0,0,1,9,10,0,0,34,171,78,0,3,15,0,0,26,28
27534,0,1,11,2,242,101,0,0,0,0,0,1,0,0,0,0,0,0,0,0,0,0,0,0,0,0,0,0,10,0,0,114,74,40,4,1,2,0,0,0,0
17846,0,1,7,2,74,547,0,0,0,0,0,1,0,0,0,0,0,0,0,0,0,0,1,1,0,0,0,0,10,0,0,201,171,78,0,0,0,0,0,0,0
371551,0,2,10,2,24,45,0,0,0,0,0,0,0,0,0,0,0,0,0,0,0,0,0,0,0,0,0,0,10,0,0,201,156,72,1,0,0,0,0,0,0
81453,0,1,7,2,75,251,0,0,0,0,0,1,0,0,0,0,0,0,0,0,0,0,4,4,0,0,0,0,10,0,0,201,171,78,0,0,0,0,0,0,0
343912,0,1,7,0,0,0,0,0,0,0,0,0,0,0,0,0,0,0,0,0,0,0,0,0,0,0,1,9,10,0,0,1,171,78,0,31,19,0,0,26,28
52726,0,2,1,2,19,10,0,0,0,0,0,0,0,0,0,0,0,0,0,0,0,0,54,75,0,0,0,0,10,0,2,201,171,78,0,1,0,0,0,0,0
107596,0,1,7,2,79,319,0,0,0,0,0,1,0,0,0,0,0,0,0,0,0,0,9,9,0,0,0,0,10,0,0,18,171,78,0,5,4,0,0,5,1
25434,0,1,7,2,203,111,0,0,0,0,0,1,0,0,0,0,0,0,0,0,0,0,3,7,0,0,0,0,10,0,25,26,171,78,0,4,5,0,0,0,0
344111,1,1,11,2,235,99,0,0,0,0,0,1,0,0,0,0,0,0,0,0,0,0,0,2,0,0,0,0,10,0,40,201,94,38,2,0,0,0,0,0,0
39575,67,1,12,2,306,571,0,0,0,0,0,1,1,0,0,2,2,0,0,0,0,0,0,0,0,0,0,0,10,0,0,93,10,13,6,1,0,1,4,0,0
106770,0,1,7,2,75,419,0,0,0,0,0,1,0,0,0,0,0,0,0,0,0,0,0,0,0,0,0,0,10,0,0,64,171,78,0,2,1,0,0,2,0
345387,0,2,1,2,20,16,0,0,0,0,0,0,0,0,0,0,0,0,0,0,0,0,53,63,0,0,0,0,10,0,0,201,170,78,1,0,0,0,0,0,0
20727,0,1,7,2,90,531,0,0,0,0,0,1,0,0,0,0,0,0,0,0,0,0,4,18,0,0,0,0,10,0,11,25,171,78,0,4,1,0,0,0,0
7764,1,1,11,2,301,101,0,0,0,0,0,1,0,0,0,0,0,0,0,0,0,0,0,2,0,0,0,0,10,0,40,36,161,70,5,3,1,0,0,0,0
17767,0,1,7,2,160,100,0,0,0,0,0,1,0,0,0,0,0,0,0,0,0,0,1,1,0,0,0,0,10,0,0,201,171,78,0,0,0,0,0,0,0
74961,0,1,7,0,0,0,0,0,0,0,0,0,0,0,0,0,0,0,0,0,0,0,0,0,0,0,1,9,10,0,0,22,171,78,0,4,24,0,0,26,27
146051,0,2,10,2,24,46,0,0,0,0,0,0,0,0,0,0,0,0,0,0,0,0,0,0,0,0,0,0,10,0,0,201,169,77,1,1,0,0,0,0,0
30073,0,1,7,2,92,416,0,0,0,0,0,1,0,0,0,0,0,0,0,0,0,0,0,0,0,0,0,0,10,0,0,0,171,78,0,60,4,0,0,0,0
136975,0,2,1,2,12,14,0,0,0,0,0,0,0,0,0,0,0,0,0,0,0,0,2,7,0,0,0,0,10,0,31,201,157,73,1,1,0,0,0,0,0
76236,1,1,11,2,273,100,0,0,0,0,0,1,0,0,0,0,0,0,0,0,0,0,0,0,0,0,0,0,10,0,0,167,99,39,3,1,1,0,0,4,5
33573,0,1,7,2,64,341,0,0,0,0,0,1,0,0,0,0,0,0,0,0,0,0,13,13,0,0,0,0,10,0,0,41,171,78,0,2,1,0,0,0,0
89694,0,1,7,2,67,211,0,0,0,0,0,1,0,0,0,0,0,0,0,0,0,0,13,20,0,0,0,0,10,0,14,201,171,78,0,0,0,0,0,0,0
33881,0,1,7,2,135,504,0,0,0,0,0,1,0,0,0,0,0,0,0,0,0,0,8,9,0,0,0,0,10,0,20,145,171,78,0,1,2,0,0,0,0
452067,0,1,7,0,0,0,0,0,0,0,0,0,0,0,0,0,0,0,0,0,0,0,0,2,0,0,1,9,10,0,40,5,171,78,0,16,18,0,0,26,28
482887,1,1,11,2,254,102,0,0,0,0,0,1,0,0,0,0,0,0,0,0,0,0,0,0,0,0,0,0,10,0,0,201,111,49,2,0,0,0,0,0,0
138624,0,1,7,2,149,55,0,0,0,0,0,1,0,0,0,0,0,0,0,0,0,0,16,22,0,0,0,0,10,0,17,201,171,78,0,1,0,0,0,0,0
17623,0,1,7,2,96,256,0,0,0,0,0,1,0,0,0,0,0,0,0,0,0,0,36,36,0,0,0,0,10,0,0,201,171,78,0,0,0,0,0,0,0
87057,0,1,6,2,313,0,0,0,0,0,0,0,0,0,0,0,0,0,0,0,0,0,16,16,0,0,0,0,10,0,0,31,78,62,9,44,2,0,0,0,0
91334,1,1,11,2,300,123,0,0,0,0,0,1,0,0,0,0,0,0,0,0,0,0,0,1,0,0,0,0,10,0,40,60,111,41,5,2,1,0,0,0,0
12683,0,1,7,2,86,252,0,0,0,0,0,1,0,0,0,0,0,0,0,0,0,0,9,9,0,0,0,0,10,0,0,201,171,78,0,0,0,0,0,0,0
451709,0,2,9,2,27,0,0,0,0,0,0,0,0,0,0,0,0,0,0,0,0,0,0,0,0,0,0,0,10,0,0,201,0,0,25,48,0,0,0,0,0
492198,0,1,7,2,66,125,0,0,0,0,0,1,0,0,0,0,0,0,0,0,0,0,15,15,0,0,0,0,10,0,0,63,171,78,0,3,4,0,0,0,0
343339,4,2,10,2,24,45,0,0,0,0,0,0,0,0,0,0,0,0,0,0,0,0,1,1,0,0,0,0,10,0,0,201,157,73,1,1,0,0,0,0,0
84323,0,1,7,2,37,563,0,0,0,0,0,1,0,0,0,0,0,0,0,0,0,0,0,0,0,0,0,0,10,0,0,201,171,78,0,0,0,0,0,0,0
453123,0,2,10,2,24,45,0,0,0,0,0,0,0,0,0,0,0,0,0,0,0,0,0,0,0,0,0,0,10,0,0,201,156,72,1,0,0,0,0,0,0
29349,0,1,7,2,151,451,0,0,0,0,0,1,0,0,0,0,0,0,0,0,0,0,3,14,0,0,0,0,10,0,13,7,171,78,0,12,6,0,0,0,0
82781,0,1,7,2,160,393,0,0,0,0,0,1,0,0,0,0,0,0,0,0,0,0,4,4,0,0,0,0,10,0,0,201,165,76,1,0,0,0,0,0,0
90264,0,1,7,2,156,369,0,0,0,0,0,1,0,0,0,0,0,0,0,0,0,0,1,9,0,0,0,0,10,0,20,8,93,78,0,11,8,0,1,0,0
39218,0,1,7,2,197,463,0,0,0,0,0,1,0,0,0,0,0,0,0,0,0,0,7,7,0,0,0,0,10,0,0,7,171,78,0,12,3,0,0,0,0
37199,0,1,7,2,101,170,0,0,0,0,0,1,0,0,0,0,0,0,0,0,0,0,21,29,0,0,0,0,10,0,13,201,171,78,0,0,0,0,0,0,0
491221,0,2,10,2,24,46,0,0,0,0,0,0,0,0,0,0,0,0,0,0,0,0,1,1,0,0,0,0,10,0,0,201,149,69,1,1,0,0,0,0,0
345153,0,2,10,2,24,44,0,0,0,0,0,0,0,0,0,0,0,0,0,0,0,0,0,0,0,0,0,0,10,0,0,201,160,74,1,0,0,0,0,0,0
37374,0,1,7,2,95,394,0,0,0,0,0,1,0,0,0,0,0,0,0,0,0,0,3,3,0,0,0,0,10,0,0,35,171,78,0,3,4,0,0,0,0
5823,0,1,7,2,109,287,0,0,0,0,0,1,0,0,0,0,0,0,0,0,0,0,31,31,0,0,0,0,10,0,0,201,171,78,0,0,0,1,1,0,0
491668,4,1,11,2,230,101,0,0,0,0,0,1,0,0,0,0,0,0,0,0,0,0,0,0,0,0,0,0,10,0,0,57,115,63,7,2,1,0,1,0,0
6558,0,1,7,2,200,470,0,0,0,0,0,1,0,0,0,0,0,0,0,0,0,0,11,13,0,0,0,0,10,0,14,14,171,78,0,7,7,0,0,0,0
90687,0,1,7,2,112,477,0,0,0,0,0,1,0,0,0,0,0,0,0,0,0,0,5,13,0,0,0,0,10,0,21,52,171,78,0,2,3,0,0,0,0
34080,0,1,7,2,185,66,0,0,0,0,0,1,0,0,0,0,0,0,0,0,0,0,20,28,0,0,0,0,10,0,10,201,171,78,0,0,0,0,0,0,0
19421,0,2,8,2,21,13,0,0,0,0,0,0,0,0,0,0,0,0,0,0,0,0,0,0,0,0,0,0,10,0,0,86,55,64,3,46,0,0,0,0,0
493945,0,1,7,2,64,575,0,0,0,0,0,1,0,0,0,0,0,0,0,0,0,0,5,6,0,0,0,0,10,0,27,5,171,78,0,16,3,0,0,0,0
6136,0,1,7,2,190,224,0,0,0,0,0,1,0,0,0,0,0,0,0,0,0,0,30,30,0,0,0,0,10,0,0,201,171,78,0,0,0,0,0,0,0
284,0,1,7,2,82,309,0,0,0,0,0,1,0,0,0,0,0,0,0,0,0,0,2,2,0,0,0,0,10,0,0,128,171,78,0,1,2,0,0,0,0
458112,0,2,9,2,29,0,0,0,0,0,0,0,0,0,0,0,0,0,0,0,0,0,0,0,0,0,0,0,10,0,0,201,0,0,50,59,0,0,0,0,0
347840,0,2,1,2,11,20,0,0,0,0,0,0,0,0,0,0,0,0,0,0,0,0,0,5,0,0,0,0,10,0,36,2,2,78,0,27,0,0,0,0,0
33193,0,1,7,2,178,115,0,0,0,0,0,1,0,0,0,0,0,0,0,0,0,0,0,0,0,0,0,0,10,0,0,21,171,78,0,5,1,0,0,0,0
42590,0,1,7,0,0,0,0,0,0,0,0,0,0,0,0,0,0,0,0,0,0,0,0,0,0,0,1,9,10,0,0,49,171,78,0,2,13,0,0,26,28
348977,0,1,7,0,0,0,0,0,0,0,0,0,0,0,0,0,0,0,0,0,0,0,0,2,0,0,1,9,10,0,40,4,98,78,0,19,21,0,0,26,28
89846,0,1,7,2,75,413,0,0,0,0,0,1,0,0,0,0,0,0,0,0,0,0,1,11,0,0,0,0,10,0,25,69,171,78,0,1,6,3,1,0,0
22736,0,1,6,2,106,0,0,0,0,0,0,1,0,0,0,1,0,0,0,0,0,0,0,0,0,0,0,0,10,0,0,25,67,8,8,8,3,0,0,0,0
484373,0,1,7,2,134,185,0,0,0,0,0,1,0,0,0,0,0,0,0,0,0,0,2,12,0,0,0,0,10,0,23,2,2,78,0,27,0,0,0,0,0
81015,0,1,7,2,202,355,0,0,0,0,0,1,0,0,0,0,0,0,0,0,0,0,0,0,0,0,0,0,10,0,0,159,171,78,0,1,4,1,0,0,0
482341,32,2,9,2,29,26,0,0,0,0,0,0,0,0,0,0,0,0,0,0,0,0,0,0,0,0,0,0,10,0,0,201,0,0,48,60,0,0,0,0,0
30417,0,1,7,2,200,245,0,0,0,0,0,1,0,0,0,0,0,0,0,0,0,0,18,18,0,0,0,0,10,0,0,174,171,78,0,0,1,0,0,0,0
103745,0,0,2,2,7,0,0,0,0,0,0,0,0,0,0,0,0,0,0,0,0,0,1,1,0,0,0,0,10,0,0,139,97,78,0,60,0,0,0,0,0
107810,0,2,1,2,16,0,0,0,0,0,0,0,0,0,0,0,0,0,0,0,0,0,0,0,0,0,0,0,10,0,0,193,157,77,1,0,0,0,0,0,0
26894,0,1,7,2,61,287,0,0,0,0,0,1,0,0,0,0,0,0,0,0,0,0,1,9,0,0,0,0,10,0,20,201,171,78,0,0,0,0,0,0,0
78225,0,1,6,2,275,0,0,0,0,0,0,1,0,0,0,0,0,0,0,0,0,0,1,1,0,0,0,0,10,0,0,97,63,30,4,30,2,1,1,0,0
91610,0,1,7,2,122,366,0,0,0,0,0,1,0,0,0,0,0,0,0,0,0,0,0,0,0,0,0,0,10,0,0,201,170,78,1,0,0,0,0,0,0
1490,0,1,7,2,161,86,0,0,0,0,0,1,0,0,0,0,0,0,0,0,0,0,20,20,2,5,0,0,10,0,0,65,171,78,0,1,3,1,0,0,0
19813,0,1,7,2,42,498,0,0,0,0,0,1,0,0,0,0,0,0,0,0,0,0,0,1,0,0,0,0,10,0,40,59,171,78,0,2,3,0,0,0,0
146383,48,2,9,2,29,26,0,0,0,0,0,0,0,0,0,0,0,0,0,0,0,0,0,0,0,0,0,0,10,0,0,201,1,1,29,49,0,0,0,0,0
76411,0,1,7,2,176,71,0,0,0,0,0,1,0,0,0,0,0,0,0,0,0,0,0,0,0,0,0,0,10,0,0,201,156,72,1,0,0,0,0,0,0
104100,0,1,7,2,179,534,0,0,0,0,0,1,0,0,0,0,0,0,0,0,0,0,4,12,0,0,0,0,10,0,23,64,69,78,0,2,3,0,0,0,0
38065,0,1,7,2,130,578,0,0,0,0,0,1,0,0,0,0,0,0,0,0,0,0,0,16,0,0,0,0,10,0,12,201,171,78,0,0,0,0,0,0,0
105364,0,1,7,2,143,469,0,0,0,0,0,1,0,0,0,0,0,0,0,0,0,0,19,19,0,0,0,0,10,0,0,19,171,78,0,5,2,0,0,0,0
107654,0,1,7,2,74,114,0,0,0,0,0,1,0,0,0,0,0,0,0,0,0,0,0,7,0,0,0,0,10,0,31,201,171,78,0,0,0,0,0,0,0
7190,0,1,7,2,84,208,0,0,0,0,0,1,0,0,0,0,0,0,0,0,0,0,0,7,0,0,0,0,10,0,25,25,171,78,0,4,3,0,0,0,0
140022,0,1,7,2,85,152,0,0,0,0,0,1,0,0,0,0,0,0,0,0,0,0,4,4,0,0,0,0,10,0,0,4,171,78,0,19,7,0,1,0,0
137095,0,2,1,2,18,17,0,0,0,0,0,0,0,0,0,0,0,0,0,0,0,0,55,68,0,0,0,0,10,0,0,201,171,78,0,1,0,0,0,0,0
23839,0,1,7,2,193,491,0,0,0,0,0,1,0,0,0,0,0,0,0,0,0,0,8,8,0,0,0,0,10,0,0,201,171,78,0,0,0,0,0,0,0
138714,0,1,7,2,91,100,0,0,0,0,0,1,0,0,0,0,0,0,0,0,0,0,8,8,0,0,0,0,10,0,0,201,171,78,0,0,0,0,0,0,0
453886,0,2,1,2,19,35,0,0,0,0,0,0,0,0,0,0,0,0,0,0,0,0,43,64,0,0,0,0,10,0,2,201,170,78,1,0,0,0,0,0,0
81223,0,1,7,2,94,459,0,0,0,0,0,1,0,0,0,0,0,0,0,0,0,0,15,15,0,0,0,0,10,0,0,41,171,78,0,2,5,0,1,0,0
13160,0,1,7,2,69,316,0,0,0,0,0,1,0,0,0,0,0,0,0,0,0,0,7,8,0,0,0,0,10,0,22,37,171,78,0,3,2,0,0,0,0
28792,0,1,7,2,76,226,0,0,0,0,0,1,0,0,0,0,0,0,0,0,0,0,9,46,0,0,0,0,10,0,14,136,171,78,0,1,1,0,0,0,0
37669,0,1,7,2,108,356,0,0,0,0,0,1,0,0,0,0,0,0,0,0,0,0,28,31,0,0,0,0,10,0,6,77,171,78,0,1,3,0,0,0,0
145523,0,2,10,2,24,46,0,0,0,0,0,0,0,0,0,0,0,0,0,0,0,0,0,0,0,0,0,0,10,0,0,201,168,77,1,0,0,0,0,0,0
103685,0,1,7,2,146,47,0,0,0,0,0,1,0,0,0,0,0,0,0,0,0,0,2,2,0,0,0,0,10,0,0,201,171,78,0,0,0,0,0,0,0
459770,0,2,1,2,9,24,0,0,0,0,0,0,0,0,0,0,0,0,0,0,0,0,1,0,0,0,0,0,5,9,0,114,81,73,2,1,0,0,0,0,0
5765,0,1,7,2,209,79,0,0,0,0,0,1,0,0,0,0,0,0,0,0,0,0,1,1,0,0,0,0,10,0,0,201,171,78,0,0,0,0,0,0,0
85173,0,1,7,2,72,339,0,0,0,0,0,1,0,0,0,0,0,0,0,0,0,0,12,12,0,0,0,0,10,0,0,31,74,78,0,3,3,0,0,0,0
76683,0,2,1,2,19,32,0,0,0,0,0,0,0,0,0,0,0,0,0,0,0,0,44,51,0,0,0,0,10,0,0,201,170,78,1,0,0,0,0,0,0
14920,0,1,7,2,69,283,0,0,0,0,0,1,0,0,0,0,0,0,0,0,0,0,17,17,0,0,0,0,10,0,0,17,171,78,0,6,5,0,0,0,0
481931,45,2,9,2,29,26,0,0,0,0,0,0,0,0,0,0,0,0,0,0,0,0,0,0,0,0,0,0,10,0,0,201,0,0,36,50,0,0,0,0,0
17569,0,1,7,2,99,128,0,0,0,0,0,1,0,0,0,0,0,0,0,0,0,0,14,18,0,0,0,0,10,0,11,201,171,78,0,0,0,0,0,0,0
28324,0,1,7,2,91,465,0,0,0,0,0,1,0,0,0,0,0,0,0,0,0,0,1,1,0,0,0,0,10,0,0,17,171,78,0,6,4,0,0,0,0
30806,0,1,7,2,173,315,0,0,0,0,0,1,0,0,0,0,0,0,0,0,0,0,12,12,0,0,0,0,10,0,0,15,171,78,0,6,9,0,0,0,0
348992,0,1,7,0,0,0,0,0,0,0,0,0,0,0,0,0,0,0,0,0,0,0,0,0,0,0,1,9,10,0,0,5,169,78,0,16,17,0,0,26,28
138670,0,1,7,2,60,113,0,0,0,0,0,1,0,0,0,0,0,0,0,0,0,0,22,22,0,0,0,0,10,0,0,201,171,78,0,0,0,0,0,0,0
18811,0,1,7,2,63,187,0,0,0,0,0,1,0,0,0,0,0,0,0,0,0,0,3,3,0,0,0,0,10,0,0,14,171,78,0,7,1,0,0,0,0
41092,0,1,6,2,106,0,0,0,0,0,0,1,0,0,0,1,0,0,0,0,0,0,1,1,0,0,0,0,10,0,0,64,28,3,11,3,6,0,0,0,0
105509,0,1,7,2,27,34,0,0,0,0,0,1,0,0,0,0,0,0,0,0,0,0,0,0,0,0,0,0,10,0,0,0,171,78,0,60,3,0,0,0,0
483364,0,1,7,2,60,457,0,0,0,0,0,1,0,0,0,0,0,0,0,0,0,0,2,6,0,0,0,0,10,0,27,2,171,78,0,27,4,0,0,0,4
451838,0,2,1,2,10,0,0,0,0,0,0,0,0,0,0,0,0,0,0,0,0,0,0,1,0,0,0,0,10,0,40,201,52,22,6,24,0,2,0,0,0
454840,0,2,9,2,28,0,0,0,0,0,0,0,0,0,0,0,0,0,0,0,0,0,0,0,0,0,0,0,10,0,0,201,0,0,50,60,0,0,0,0,0
39235,0,1,7,2,145,303,0,0,0,0,0,1,0,0,0,0,0,0,0,0,0,0,5,10,0,0,0,0,10,0,18,51,171,78,0,2,2,0,0,0,0
